transaction_id,is_fraud,ring_id,risk_score,action,detected_flag,blocked_flag,mutation_id,mutation_type,original_ring_id
MUT_HOP_RING_001_1_TX_0000308,1,RING_001_MUT_HOP,0.2935,ALLOW,0,0,MUT_HOP_RING_001_1_TX_0000308,hop_count,RING_001
MUT_DLY_RING_001_1_TX_0000308,1,RING_001_MUT_DELAY,0.2935,ALLOW,0,0,MUT_DLY_RING_001_1_TX_0000308,delay,RING_001
MUT_AMT_RING_001_1_TX_0000308,1,RING_001_MUT_AMOUNT,0.3136,REVIEW,1,0,MUT_AMT_RING_001_1_TX_0000308,amount,RING_001
MUT_DEV_RING_001_1_TX_0000308,1,RING_001_MUT_DEVICE,0.2935,ALLOW,0,0,MUT_DEV_RING_001_1_TX_0000308,device_sharing,RING_001
MUT_HOP_RING_001_2_TX_0000309,1,RING_001_MUT_HOP,0.74,BLOCK,1,1,MUT_HOP_RING_001_2_TX_0000309,hop_count,RING_001
MUT_DLY_RING_001_2_TX_0000309,1,RING_001_MUT_DELAY,0.74,BLOCK,1,1,MUT_DLY_RING_001_2_TX_0000309,delay,RING_001
MUT_AMT_RING_001_2_TX_0000309,1,RING_001_MUT_AMOUNT,0.7072,BLOCK,1,1,MUT_AMT_RING_001_2_TX_0000309,amount,RING_001
MUT_DEV_RING_001_2_TX_0000309,1,RING_001_MUT_DEVICE,0.74,BLOCK,1,1,MUT_DEV_RING_001_2_TX_0000309,device_sharing,RING_001
MUT_HOP_RING_001_3_TX_0000310,1,RING_001_MUT_HOP,0.8309,BLOCK,1,1,MUT_HOP_RING_001_3_TX_0000310,hop_count,RING_001
MUT_DLY_RING_001_3_TX_0000310,1,RING_001_MUT_DELAY,0.8309,BLOCK,1,1,MUT_DLY_RING_001_3_TX_0000310,delay,RING_001
MUT_AMT_RING_001_3_TX_0000310,1,RING_001_MUT_AMOUNT,0.8066,BLOCK,1,1,MUT_AMT_RING_001_3_TX_0000310,amount,RING_001
MUT_DEV_RING_001_3_TX_0000310,1,RING_001_MUT_DEVICE,0.8309,BLOCK,1,1,MUT_DEV_RING_001_3_TX_0000310,device_sharing,RING_001
MUT_HOP_RING_001_4_TX_0000312,1,RING_001_MUT_HOP,0.8448,BLOCK,1,1,MUT_HOP_RING_001_4_TX_0000312,hop_count,RING_001
MUT_DLY_RING_001_4_TX_0000312,1,RING_001_MUT_DELAY,0.8448,BLOCK,1,1,MUT_DLY_RING_001_4_TX_0000312,delay,RING_001
MUT_AMT_RING_001_4_TX_0000312,1,RING_001_MUT_AMOUNT,0.8329,BLOCK,1,1,MUT_AMT_RING_001_4_TX_0000312,amount,RING_001
MUT_DEV_RING_001_4_TX_0000312,1,RING_001_MUT_DEVICE,0.8448,BLOCK,1,1,MUT_DEV_RING_001_4_TX_0000312,device_sharing,RING_001
MUT_HOP_RING_001_5_TX_0000308,1,RING_001_MUT_HOP,0.2935,ALLOW,0,0,MUT_HOP_RING_001_5_TX_0000308,hop_count,RING_001
MUT_DLY_RING_001_5_TX_0000308,1,RING_001_MUT_DELAY,0.2935,ALLOW,0,0,MUT_DLY_RING_001_5_TX_0000308,delay,RING_001
MUT_AMT_RING_001_5_TX_0000308,1,RING_001_MUT_AMOUNT,0.3136,REVIEW,1,0,MUT_AMT_RING_001_5_TX_0000308,amount,RING_001
MUT_DEV_RING_001_5_TX_0000308,1,RING_001_MUT_DEVICE,0.2935,ALLOW,0,0,MUT_DEV_RING_001_5_TX_0000308,device_sharing,RING_001
MUT_HOP_RING_002_1_TX_0001196,1,RING_002_MUT_HOP,0.8224,BLOCK,1,1,MUT_HOP_RING_002_1_TX_0001196,hop_count,RING_002
MUT_DLY_RING_002_1_TX_0001196,1,RING_002_MUT_DELAY,0.8224,BLOCK,1,1,MUT_DLY_RING_002_1_TX_0001196,delay,RING_002
MUT_AMT_RING_002_1_TX_0001196,1,RING_002_MUT_AMOUNT,0.8224,BLOCK,1,1,MUT_AMT_RING_002_1_TX_0001196,amount,RING_002
MUT_DEV_RING_002_1_TX_0001196,1,RING_002_MUT_DEVICE,0.8224,BLOCK,1,1,MUT_DEV_RING_002_1_TX_0001196,device_sharing,RING_002
MUT_HOP_RING_002_2_TX_0001209,1,RING_002_MUT_HOP,0.8797,BLOCK,1,1,MUT_HOP_RING_002_2_TX_0001209,hop_count,RING_002
MUT_DLY_RING_002_2_TX_0001209,1,RING_002_MUT_DELAY,0.8797,BLOCK,1,1,MUT_DLY_RING_002_2_TX_0001209,delay,RING_002
MUT_AMT_RING_002_2_TX_0001209,1,RING_002_MUT_AMOUNT,0.8774,BLOCK,1,1,MUT_AMT_RING_002_2_TX_0001209,amount,RING_002
MUT_DEV_RING_002_2_TX_0001209,1,RING_002_MUT_DEVICE,0.8797,BLOCK,1,1,MUT_DEV_RING_002_2_TX_0001209,device_sharing,RING_002
MUT_HOP_RING_002_3_TX_0001210,1,RING_002_MUT_HOP,0.9486,BLOCK,1,1,MUT_HOP_RING_002_3_TX_0001210,hop_count,RING_002
MUT_DLY_RING_002_3_TX_0001210,1,RING_002_MUT_DELAY,0.9486,BLOCK,1,1,MUT_DLY_RING_002_3_TX_0001210,delay,RING_002
MUT_AMT_RING_002_3_TX_0001210,1,RING_002_MUT_AMOUNT,0.9475,BLOCK,1,1,MUT_AMT_RING_002_3_TX_0001210,amount,RING_002
MUT_DEV_RING_002_3_TX_0001210,1,RING_002_MUT_DEVICE,0.9486,BLOCK,1,1,MUT_DEV_RING_002_3_TX_0001210,device_sharing,RING_002
MUT_HOP_RING_002_4_TX_0001211,1,RING_002_MUT_HOP,0.924,BLOCK,1,1,MUT_HOP_RING_002_4_TX_0001211,hop_count,RING_002
MUT_DLY_RING_002_4_TX_0001211,1,RING_002_MUT_DELAY,0.924,BLOCK,1,1,MUT_DLY_RING_002_4_TX_0001211,delay,RING_002
MUT_AMT_RING_002_4_TX_0001211,1,RING_002_MUT_AMOUNT,0.9225,BLOCK,1,1,MUT_AMT_RING_002_4_TX_0001211,amount,RING_002
MUT_DEV_RING_002_4_TX_0001211,1,RING_002_MUT_DEVICE,0.924,BLOCK,1,1,MUT_DEV_RING_002_4_TX_0001211,device_sharing,RING_002
MUT_HOP_RING_002_5_TX_0001212,1,RING_002_MUT_HOP,0.9379,BLOCK,1,1,MUT_HOP_RING_002_5_TX_0001212,hop_count,RING_002
MUT_DLY_RING_002_5_TX_0001212,1,RING_002_MUT_DELAY,0.9379,BLOCK,1,1,MUT_DLY_RING_002_5_TX_0001212,delay,RING_002
MUT_AMT_RING_002_5_TX_0001212,1,RING_002_MUT_AMOUNT,0.9366,BLOCK,1,1,MUT_AMT_RING_002_5_TX_0001212,amount,RING_002
MUT_DEV_RING_002_5_TX_0001212,1,RING_002_MUT_DEVICE,0.9379,BLOCK,1,1,MUT_DEV_RING_002_5_TX_0001212,device_sharing,RING_002
MUT_HOP_RING_003_1_TX_0003293,1,RING_003_MUT_HOP,0.6606,REVIEW,1,0,MUT_HOP_RING_003_1_TX_0003293,hop_count,RING_003
MUT_DLY_RING_003_1_TX_0003293,1,RING_003_MUT_DELAY,0.6606,REVIEW,1,0,MUT_DLY_RING_003_1_TX_0003293,delay,RING_003
MUT_AMT_RING_003_1_TX_0003293,1,RING_003_MUT_AMOUNT,0.6684,REVIEW,1,0,MUT_AMT_RING_003_1_TX_0003293,amount,RING_003
MUT_DEV_RING_003_1_TX_0003293,1,RING_003_MUT_DEVICE,0.6606,REVIEW,1,0,MUT_DEV_RING_003_1_TX_0003293,device_sharing,RING_003
MUT_HOP_RING_003_2_TX_0003298,1,RING_003_MUT_HOP,0.8662,BLOCK,1,1,MUT_HOP_RING_003_2_TX_0003298,hop_count,RING_003
MUT_DLY_RING_003_2_TX_0003298,1,RING_003_MUT_DELAY,0.8662,BLOCK,1,1,MUT_DLY_RING_003_2_TX_0003298,delay,RING_003
MUT_AMT_RING_003_2_TX_0003298,1,RING_003_MUT_AMOUNT,0.8654,BLOCK,1,1,MUT_AMT_RING_003_2_TX_0003298,amount,RING_003
MUT_DEV_RING_003_2_TX_0003298,1,RING_003_MUT_DEVICE,0.8662,BLOCK,1,1,MUT_DEV_RING_003_2_TX_0003298,device_sharing,RING_003
MUT_HOP_RING_003_3_TX_0003304,1,RING_003_MUT_HOP,0.9032,BLOCK,1,1,MUT_HOP_RING_003_3_TX_0003304,hop_count,RING_003
MUT_DLY_RING_003_3_TX_0003304,1,RING_003_MUT_DELAY,0.9032,BLOCK,1,1,MUT_DLY_RING_003_3_TX_0003304,delay,RING_003
MUT_AMT_RING_003_3_TX_0003304,1,RING_003_MUT_AMOUNT,0.8892,BLOCK,1,1,MUT_AMT_RING_003_3_TX_0003304,amount,RING_003
MUT_DEV_RING_003_3_TX_0003304,1,RING_003_MUT_DEVICE,0.9032,BLOCK,1,1,MUT_DEV_RING_003_3_TX_0003304,device_sharing,RING_003
MUT_HOP_RING_003_4_TX_0003309,1,RING_003_MUT_HOP,0.9409,BLOCK,1,1,MUT_HOP_RING_003_4_TX_0003309,hop_count,RING_003
MUT_DLY_RING_003_4_TX_0003309,1,RING_003_MUT_DELAY,0.9409,BLOCK,1,1,MUT_DLY_RING_003_4_TX_0003309,delay,RING_003
MUT_AMT_RING_003_4_TX_0003309,1,RING_003_MUT_AMOUNT,0.9428,BLOCK,1,1,MUT_AMT_RING_003_4_TX_0003309,amount,RING_003
MUT_DEV_RING_003_4_TX_0003309,1,RING_003_MUT_DEVICE,0.9409,BLOCK,1,1,MUT_DEV_RING_003_4_TX_0003309,device_sharing,RING_003
MUT_HOP_RING_003_5_TX_0003293,1,RING_003_MUT_HOP,0.6606,REVIEW,1,0,MUT_HOP_RING_003_5_TX_0003293,hop_count,RING_003
MUT_DLY_RING_003_5_TX_0003293,1,RING_003_MUT_DELAY,0.6606,REVIEW,1,0,MUT_DLY_RING_003_5_TX_0003293,delay,RING_003
MUT_AMT_RING_003_5_TX_0003293,1,RING_003_MUT_AMOUNT,0.6684,REVIEW,1,0,MUT_AMT_RING_003_5_TX_0003293,amount,RING_003
MUT_DEV_RING_003_5_TX_0003293,1,RING_003_MUT_DEVICE,0.6606,REVIEW,1,0,MUT_DEV_RING_003_5_TX_0003293,device_sharing,RING_003
MUT_HOP_RING_004_1_TX_0005349,1,RING_004_MUT_HOP,0.6821,REVIEW,1,0,MUT_HOP_RING_004_1_TX_0005349,hop_count,RING_004
MUT_DLY_RING_004_1_TX_0005349,1,RING_004_MUT_DELAY,0.6821,REVIEW,1,0,MUT_DLY_RING_004_1_TX_0005349,delay,RING_004
MUT_AMT_RING_004_1_TX_0005349,1,RING_004_MUT_AMOUNT,0.5718,REVIEW,1,0,MUT_AMT_RING_004_1_TX_0005349,amount,RING_004
MUT_DEV_RING_004_1_TX_0005349,1,RING_004_MUT_DEVICE,0.6821,REVIEW,1,0,MUT_DEV_RING_004_1_TX_0005349,device_sharing,RING_004
MUT_HOP_RING_004_2_TX_0005353,1,RING_004_MUT_HOP,0.9743,BLOCK,1,1,MUT_HOP_RING_004_2_TX_0005353,hop_count,RING_004
MUT_DLY_RING_004_2_TX_0005353,1,RING_004_MUT_DELAY,0.9743,BLOCK,1,1,MUT_DLY_RING_004_2_TX_0005353,delay,RING_004
MUT_AMT_RING_004_2_TX_0005353,1,RING_004_MUT_AMOUNT,0.9751,BLOCK,1,1,MUT_AMT_RING_004_2_TX_0005353,amount,RING_004
MUT_DEV_RING_004_2_TX_0005353,1,RING_004_MUT_DEVICE,0.9743,BLOCK,1,1,MUT_DEV_RING_004_2_TX_0005353,device_sharing,RING_004
MUT_HOP_RING_004_3_TX_0005354,1,RING_004_MUT_HOP,0.9646,BLOCK,1,1,MUT_HOP_RING_004_3_TX_0005354,hop_count,RING_004
MUT_DLY_RING_004_3_TX_0005354,1,RING_004_MUT_DELAY,0.9646,BLOCK,1,1,MUT_DLY_RING_004_3_TX_0005354,delay,RING_004
MUT_AMT_RING_004_3_TX_0005354,1,RING_004_MUT_AMOUNT,0.9657,BLOCK,1,1,MUT_AMT_RING_004_3_TX_0005354,amount,RING_004
MUT_DEV_RING_004_3_TX_0005354,1,RING_004_MUT_DEVICE,0.9646,BLOCK,1,1,MUT_DEV_RING_004_3_TX_0005354,device_sharing,RING_004
MUT_HOP_RING_004_4_TX_0005357,1,RING_004_MUT_HOP,0.9748,BLOCK,1,1,MUT_HOP_RING_004_4_TX_0005357,hop_count,RING_004
MUT_DLY_RING_004_4_TX_0005357,1,RING_004_MUT_DELAY,0.9748,BLOCK,1,1,MUT_DLY_RING_004_4_TX_0005357,delay,RING_004
MUT_AMT_RING_004_4_TX_0005357,1,RING_004_MUT_AMOUNT,0.9756,BLOCK,1,1,MUT_AMT_RING_004_4_TX_0005357,amount,RING_004
MUT_DEV_RING_004_4_TX_0005357,1,RING_004_MUT_DEVICE,0.9748,BLOCK,1,1,MUT_DEV_RING_004_4_TX_0005357,device_sharing,RING_004
MUT_HOP_RING_004_5_TX_0005365,1,RING_004_MUT_HOP,0.9734,BLOCK,1,1,MUT_HOP_RING_004_5_TX_0005365,hop_count,RING_004
MUT_DLY_RING_004_5_TX_0005365,1,RING_004_MUT_DELAY,0.9734,BLOCK,1,1,MUT_DLY_RING_004_5_TX_0005365,delay,RING_004
MUT_AMT_RING_004_5_TX_0005365,1,RING_004_MUT_AMOUNT,0.9742,BLOCK,1,1,MUT_AMT_RING_004_5_TX_0005365,amount,RING_004
MUT_DEV_RING_004_5_TX_0005365,1,RING_004_MUT_DEVICE,0.9734,BLOCK,1,1,MUT_DEV_RING_004_5_TX_0005365,device_sharing,RING_004
MUT_HOP_RING_HELDOUT_1_TX_0008825,1,RING_HELDOUT_MUT_HOP,0.8226,BLOCK,1,1,MUT_HOP_RING_HELDOUT_1_TX_0008825,hop_count,RING_HELDOUT
MUT_DLY_RING_HELDOUT_1_TX_0008825,1,RING_HELDOUT_MUT_DELAY,0.8226,BLOCK,1,1,MUT_DLY_RING_HELDOUT_1_TX_0008825,delay,RING_HELDOUT
MUT_AMT_RING_HELDOUT_1_TX_0008825,1,RING_HELDOUT_MUT_AMOUNT,0.8384,BLOCK,1,1,MUT_AMT_RING_HELDOUT_1_TX_0008825,amount,RING_HELDOUT
MUT_DEV_RING_HELDOUT_1_TX_0008825,1,RING_HELDOUT_MUT_DEVICE,0.8226,BLOCK,1,1,MUT_DEV_RING_HELDOUT_1_TX_0008825,device_sharing,RING_HELDOUT
MUT_HOP_RING_HELDOUT_2_TX_0008828,1,RING_HELDOUT_MUT_HOP,0.9628,BLOCK,1,1,MUT_HOP_RING_HELDOUT_2_TX_0008828,hop_count,RING_HELDOUT
MUT_DLY_RING_HELDOUT_2_TX_0008828,1,RING_HELDOUT_MUT_DELAY,0.9628,BLOCK,1,1,MUT_DLY_RING_HELDOUT_2_TX_0008828,delay,RING_HELDOUT
MUT_AMT_RING_HELDOUT_2_TX_0008828,1,RING_HELDOUT_MUT_AMOUNT,0.9675,BLOCK,1,1,MUT_AMT_RING_HELDOUT_2_TX_0008828,amount,RING_HELDOUT
MUT_DEV_RING_HELDOUT_2_TX_0008828,1,RING_HELDOUT_MUT_DEVICE,0.9628,BLOCK,1,1,MUT_DEV_RING_HELDOUT_2_TX_0008828,device_sharing,RING_HELDOUT
MUT_HOP_RING_HELDOUT_3_TX_0008833,1,RING_HELDOUT_MUT_HOP,0.9628,BLOCK,1,1,MUT_HOP_RING_HELDOUT_3_TX_0008833,hop_count,RING_HELDOUT
MUT_DLY_RING_HELDOUT_3_TX_0008833,1,RING_HELDOUT_MUT_DELAY,0.9628,BLOCK,1,1,MUT_DLY_RING_HELDOUT_3_TX_0008833,delay,RING_HELDOUT
MUT_AMT_RING_HELDOUT_3_TX_0008833,1,RING_HELDOUT_MUT_AMOUNT,0.9675,BLOCK,1,1,MUT_AMT_RING_HELDOUT_3_TX_0008833,amount,RING_HELDOUT
MUT_DEV_RING_HELDOUT_3_TX_0008833,1,RING_HELDOUT_MUT_DEVICE,0.9628,BLOCK,1,1,MUT_DEV_RING_HELDOUT_3_TX_0008833,device_sharing,RING_HELDOUT
MUT_HOP_RING_HELDOUT_4_TX_0008840,1,RING_HELDOUT_MUT_HOP,0.9611,BLOCK,1,1,MUT_HOP_RING_HELDOUT_4_TX_0008840,hop_count,RING_HELDOUT
MUT_DLY_RING_HELDOUT_4_TX_0008840,1,RING_HELDOUT_MUT_DELAY,0.9611,BLOCK,1,1,MUT_DLY_RING_HELDOUT_4_TX_0008840,delay,RING_HELDOUT
MUT_AMT_RING_HELDOUT_4_TX_0008840,1,RING_HELDOUT_MUT_AMOUNT,0.9661,BLOCK,1,1,MUT_AMT_RING_HELDOUT_4_TX_0008840,amount,RING_HELDOUT
MUT_DEV_RING_HELDOUT_4_TX_0008840,1,RING_HELDOUT_MUT_DEVICE,0.9611,BLOCK,1,1,MUT_DEV_RING_HELDOUT_4_TX_0008840,device_sharing,RING_HELDOUT
MUT_HOP_RING_HELDOUT_5_TX_0008842,1,RING_HELDOUT_MUT_HOP,0.8724,BLOCK,1,1,MUT_HOP_RING_HELDOUT_5_TX_0008842,hop_count,RING_HELDOUT
MUT_DLY_RING_HELDOUT_5_TX_0008842,1,RING_HELDOUT_MUT_DELAY,0.8724,BLOCK,1,1,MUT_DLY_RING_HELDOUT_5_TX_0008842,delay,RING_HELDOUT
MUT_AMT_RING_HELDOUT_5_TX_0008842,1,RING_HELDOUT_MUT_AMOUNT,0.8803,BLOCK,1,1,MUT_AMT_RING_HELDOUT_5_TX_0008842,amount,RING_HELDOUT
MUT_DEV_RING_HELDOUT_5_TX_0008842,1,RING_HELDOUT_MUT_DEVICE,0.8724,BLOCK,1,1,MUT_DEV_RING_HELDOUT_5_TX_0008842,device_sharing,RING_HELDOUT
