group_id,type,members
BENIGN_HOUSEHOLD_001,household_sharing,U02289;U03881;U02341;U00148;U02806
BENIGN_HOUSEHOLD_002,household_sharing,U03914;U02978
BENIGN_HOUSEHOLD_003,household_sharing,U04773;U00106
BENIGN_HOUSEHOLD_004,household_sharing,U03170;U02971
BENIGN_HOUSEHOLD_005,household_sharing,U04945;U02157;U01945;U02212;U01292
BENIGN_HOUSEHOLD_006,household_sharing,U04302;U04835;U04162;U00956
BENIGN_HOUSEHOLD_007,household_sharing,U04746;U00307;U01825;U00159;U01413
BENIGN_HOUSEHOLD_008,household_sharing,U04767;U00217
BENIGN_HOUSEHOLD_009,household_sharing,U03519;U01246;U04387
BENIGN_HOUSEHOLD_010,household_sharing,U03819;U02063;U00546;U03040
BENIGN_HOUSEHOLD_011,household_sharing,U01995;U01075;U00759;U03851
BENIGN_HOUSEHOLD_012,household_sharing,U00818;U01743
BENIGN_HOUSEHOLD_013,household_sharing,U01375;U01563;U00100;U01634;U04977
BENIGN_HOUSEHOLD_014,household_sharing,U03924;U03365;U00926;U04542;U02086
BENIGN_HOUSEHOLD_015,household_sharing,U00380;U03626;U03776;U02676
BENIGN_HOUSEHOLD_016,household_sharing,U03372;U03950
BENIGN_HOUSEHOLD_017,household_sharing,U03807;U00504;U03340;U00848
BENIGN_HOUSEHOLD_018,household_sharing,U03761;U02254;U02825;U02921;U04745
BENIGN_HOUSEHOLD_019,household_sharing,U04019;U02730;U03955;U02467;U04666
BENIGN_HOUSEHOLD_020,household_sharing,U00175;U02009;U01950;U01824;U02893
BENIGN_HOUSEHOLD_021,household_sharing,U04817;U02103;U03621;U04440
BENIGN_HOUSEHOLD_022,household_sharing,U01331;U01257;U01844;U02763
BENIGN_HOUSEHOLD_023,household_sharing,U04157;U02570
BENIGN_HOUSEHOLD_024,household_sharing,U04949;U02250
BENIGN_HOUSEHOLD_025,household_sharing,U02100;U00540
BENIGN_HOUSEHOLD_026,household_sharing,U03297;U04381;U03540;U04710;U03017
BENIGN_HOUSEHOLD_027,household_sharing,U04243;U04489;U02106;U04883
BENIGN_HOUSEHOLD_028,household_sharing,U02655;U02181;U02782
BENIGN_HOUSEHOLD_029,household_sharing,U04306;U04184;U04711
BENIGN_HOUSEHOLD_030,household_sharing,U03763;U01297
BENIGN_HOUSEHOLD_031,household_sharing,U03989;U04664;U01050;U03751
BENIGN_HOUSEHOLD_032,household_sharing,U00921;U00822;U03118;U04610
BENIGN_HOUSEHOLD_033,household_sharing,U03705;U00845
BENIGN_HOUSEHOLD_034,household_sharing,U01350;U04574;U01845
BENIGN_HOUSEHOLD_035,household_sharing,U04906;U00893;U01523;U04619
BENIGN_HOUSEHOLD_036,household_sharing,U00747;U02509;U00432;U02444;U04385
BENIGN_HOUSEHOLD_037,household_sharing,U00016;U00464;U03024
BENIGN_HOUSEHOLD_038,household_sharing,U01571;U04287;U03753;U02865
BENIGN_HOUSEHOLD_039,household_sharing,U01366;U04875;U00725;U02671;U03992
BENIGN_HOUSEHOLD_040,household_sharing,U01723;U03321;U01279;U02393
BENIGN_HOUSEHOLD_041,household_sharing,U03781;U00241;U00012;U00904;U03904
BENIGN_HOUSEHOLD_042,household_sharing,U00346;U00846;U03237;U02358;U03744
BENIGN_HOUSEHOLD_043,household_sharing,U00929;U02998
BENIGN_HOUSEHOLD_044,household_sharing,U00052;U03308;U00055
BENIGN_HOUSEHOLD_045,household_sharing,U00953;U01621;U01456
BENIGN_HOUSEHOLD_046,household_sharing,U00627;U01582;U03799
BENIGN_HOUSEHOLD_047,household_sharing,U00118;U03355;U03769
BENIGN_HOUSEHOLD_048,household_sharing,U02353;U00701
BENIGN_HOUSEHOLD_049,household_sharing,U03702;U01299;U03476;U00079;U04695
BENIGN_HOUSEHOLD_050,household_sharing,U03716;U02767
BENIGN_HOUSEHOLD_051,household_sharing,U01652;U01624
BENIGN_HOUSEHOLD_052,household_sharing,U00316;U00063;U00843;U00514
BENIGN_HOUSEHOLD_053,household_sharing,U00029;U00297
BENIGN_HOUSEHOLD_054,household_sharing,U03656;U03864;U03614
BENIGN_HOUSEHOLD_055,household_sharing,U02758;U00671;U00489
BENIGN_HOUSEHOLD_056,household_sharing,U03718;U04672;U04231;U03511
BENIGN_COLLECTOR_001,recurring_collector,U03010;U01650;U00402;U00220;U02642;U03257;U02837;U03548;U04370;U02226;U01385;U01960;U04910
BENIGN_COLLECTOR_002,recurring_collector,U01119;U01151;U02630;U02408;U04211;U01351;U00731;U00973;U04451;U01732
BENIGN_COLLECTOR_003,recurring_collector,U01343;U01431;U01927;U00468;U03315
BENIGN_COLLECTOR_004,recurring_collector,U04479;U00936;U02462;U02285;U04311;U04335;U04124
BENIGN_COLLECTOR_005,recurring_collector,U04887;U00413;U01311;U00948;U04004;U01097;U04851;U00407;U04642;U00560;U02073;U00259
BENIGN_COLLECTOR_006,recurring_collector,U04872;U04435;U01271;U02395;U02080;U00943;U04007;U00620
BENIGN_COLLECTOR_007,recurring_collector,U01301;U00723;U00877;U02796;U00537;U04103;U03248;U03903
BENIGN_COLLECTOR_008,recurring_collector,U01531;U01733;U03140;U04823;U03814;U02375;U01750;U01525;U03923;U01247
BENIGN_COLLECTOR_009,recurring_collector,U00230;U04548;U00832;U04997;U01506
BENIGN_COLLECTOR_010,recurring_collector,U03255;U02977;U01146;U03723;U03468;U04805;U04307;U03631;U01939;U04901;U02360;U00974;U02213
BENIGN_COLLECTOR_011,recurring_collector,U03629;U03374;U04519;U02668;U02079;U00941
BENIGN_COLLECTOR_012,recurring_collector,U04140;U04670;U00183;U01374;U00044;U01334;U00905;U02031;U03765;U01205;U04028
BENIGN_COLLECTOR_013,recurring_collector,U02340;U00550;U04895;U00151;U04341;U00552;U04286;U02982
BENIGN_TRIP_001,trip_split,U02608;U02011;U02514;U00277;U02199;U03382
BENIGN_TRIP_002,trip_split,U01034;U04580;U03492;U01800;U04138;U00872;U04319;U01306
BENIGN_TRIP_003,trip_split,U02192;U04593;U04572;U04838;U01759;U02942;U00327
BENIGN_TRIP_004,trip_split,U04035;U01530;U04857;U00057;U00030;U01591
BENIGN_TRIP_005,trip_split,U02918;U04536;U04573;U03168;U03940
BENIGN_TRIP_006,trip_split,U02816;U00600;U02155;U02575;U02209;U01663
BENIGN_TRIP_007,trip_split,U03987;U01585;U03885;U03685;U03837;U01396;U03148;U01104
BENIGN_TRIP_008,trip_split,U00150;U00258;U03467;U02378;U03598;U02586;U04865;U04405
BENIGN_TRIP_009,trip_split,U00299;U02656;U03742;U04143;U01186;U02589;U04099
BENIGN_TRIP_010,trip_split,U04449;U02989;U02957;U00342;U00330;U03075
BENIGN_SALARY_001,salary_passthrough,U00686;U00769;U03470
BENIGN_SALARY_002,salary_passthrough,U02386;U02125;U00209
BENIGN_SALARY_003,salary_passthrough,U04911;U04533;U04688
BENIGN_SALARY_004,salary_passthrough,U01405;U00523;U01856
BENIGN_SALARY_005,salary_passthrough,U04166;U04978;U00796
BENIGN_SALARY_006,salary_passthrough,U02632;U04837;U01023
BENIGN_SALARY_007,salary_passthrough,U01192;U02465;U00978
BENIGN_SALARY_008,salary_passthrough,U00751;U03502;U03693
BENIGN_SALARY_009,salary_passthrough,U02659;U01328;U04068
BENIGN_SALARY_010,salary_passthrough,U04063;U03849;U01586
BENIGN_SALARY_011,salary_passthrough,U00005;U03232;U01068
BENIGN_SALARY_012,salary_passthrough,U01197;U03553;U04144
BENIGN_SALARY_013,salary_passthrough,U02534;U01962;U00950
BENIGN_SALARY_014,salary_passthrough,U04201;U04853;U02458
BENIGN_SALARY_015,salary_passthrough,U03078;U00331;U02194
BENIGN_SALARY_016,salary_passthrough,U04135;U03228;U01946
BENIGN_SALARY_017,salary_passthrough,U01486;U00815;U03282
BENIGN_SALARY_018,salary_passthrough,U03991;U04487;U02959
BENIGN_SALARY_019,salary_passthrough,U01202;U02829;U03135
BENIGN_SALARY_020,salary_passthrough,U02374;U04059;U03714
BENIGN_SALARY_021,salary_passthrough,U03919;U04043;U04804
BENIGN_SALARY_022,salary_passthrough,U02500;U03758;U03823
BENIGN_SALARY_023,salary_passthrough,U04355;U03169;U02625
BENIGN_SAVINGS_001,office_savings_circle,U03719;U01321;U02317;U00469
BENIGN_SAVINGS_002,office_savings_circle,U03610;U00824;U02874;U00622
BENIGN_SAVINGS_003,office_savings_circle,U04169;U02974;U00473;U03812;U02273;U04214
BENIGN_SAVINGS_004,office_savings_circle,U03174;U03145;U01096;U04353;U03810
BENIGN_SAVINGS_005,office_savings_circle,U02391;U04921;U01722;U00037;U03215
BENIGN_SAVINGS_006,office_savings_circle,U00887;U04458;U00919;U00171;U00648;U03411
BENIGN_LOOP_001,settling_up_loop,U04488;U02495;U04564;U00485
BENIGN_LOOP_002,settling_up_loop,U00849;U03578;U01794
BENIGN_LOOP_003,settling_up_loop,U03484;U04727;U04255
BENIGN_LOOP_004,settling_up_loop,U03990;U03521;U00768
BENIGN_LOOP_005,settling_up_loop,U00826;U03513;U03256
BENIGN_LOOP_006,settling_up_loop,U04089;U01466;U00499;U03103
BENIGN_LOOP_007,settling_up_loop,U03941;U02262;U04020
BENIGN_LOOP_008,settling_up_loop,U02108;U02682;U03704
BENIGN_LOOP_009,settling_up_loop,U01619;U01272;U03525;U01866
BENIGN_LOOP_010,settling_up_loop,U04943;U03150;U00797;U04560
BENIGN_LOOP_011,settling_up_loop,U01752;U04088;U00340
BENIGN_LOOP_012,settling_up_loop,U03046;U03747;U04304;U01812
BENIGN_LOOP_013,settling_up_loop,U04545;U04538;U04212;U00940
BENIGN_LOOP_014,settling_up_loop,U03026;U03274;U01595
BENIGN_LOOP_015,settling_up_loop,U03284;U03608;U04820;U03360
BENIGN_LOOP_016,settling_up_loop,U04230;U00191;U03489
BENIGN_LOOP_017,settling_up_loop,U02320;U03607;U00004;U00071
BENIGN_LOOP_018,settling_up_loop,U00636;U01869;U02629
BENIGN_LOOP_019,settling_up_loop,U02329;U01872;U04636
BENIGN_LOOP_020,settling_up_loop,U03981;U02571;U04807
BENIGN_LOOP_021,settling_up_loop,U04847;U00143;U04505
BENIGN_LOOP_022,settling_up_loop,U01578;U04432;U00176
BENIGN_LOOP_023,settling_up_loop,U01599;U03252;U03029;U04123
BENIGN_LOOP_024,settling_up_loop,U03415;U02898;U04218
BENIGN_LOOP_025,settling_up_loop,U00551;U00639;U03593;U01633
BENIGN_LOOP_026,settling_up_loop,U02887;U02849;U04598;U00927
BENIGN_LOOP_027,settling_up_loop,U02663;U00861;U01021
BENIGN_LOOP_028,settling_up_loop,U01573;U03783;U01428
BENIGN_LOOP_029,settling_up_loop,U04356;U02432;U02555
BENIGN_MERCHANT_001,high_velocity_sender,U02267;U01367;U01739;U02488;U03993;U02932;U02511;U02208
BENIGN_MERCHANT_002,high_velocity_sender,U03960;U03445;U02138;U01298;U02059;U03587;U04181;U03959;U03474;U00635;U01992
BENIGN_MERCHANT_003,high_velocity_sender,U04914;U01281;U04134;U04576;U00224;U02365;U04546
BENIGN_MERCHANT_004,high_velocity_sender,U04644;U01575;U02255;U04351;U00665;U03379;U01852;U03383;U04856;U04360;U02061
BENIGN_MERCHANT_005,high_velocity_sender,U01598;U01527;U04629;U01986;U01516;U01686
BENIGN_MERCHANT_006,high_velocity_sender,U03978;U02737;U00888;U03439;U03235;U04084;U03319;U02246;U00218;U02026;U03582
BENIGN_MERCHANT_007,high_velocity_sender,U00422;U00923;U00894;U01557;U04308;U04744;U02274;U01892
BENIGN_MERCHANT_008,high_velocity_sender,U01048;U02831;U03908;U03399;U03341;U02288;U04927;U02055;U01937;U01294;U03844
BENIGN_MERCHANT_009,high_velocity_sender,U04677;U02552;U02172;U00847;U00371;U01584;U04424
BENIGN_MERCHANT_010,high_velocity_sender,U02955;U02182;U03805;U04561;U03161;U04839;U00429
