ring_id,ring_type,family,split,variant,members,start_time,end_time,params
RING_001,closed_loop,closed_loop,heldout,standard,U00405;U01226;U00595;U00852;U00518;U01145,2026-03-25 18:56:48,2026-03-27 06:14:26,"{""member_count"": 6, ""start_amount"": 5853.95, ""span_hours"": 46.54, ""decay_range"": [0.95, 0.99]}"
RING_002,closed_loop,closed_loop,heldout,standard,U01965;U03906;U03478,2026-03-23 02:56:09,2026-03-23 23:03:12,"{""member_count"": 3, ""start_amount"": 5851.21, ""span_hours"": 46.99, ""decay_range"": [0.95, 0.99]}"
RING_003,closed_loop,closed_loop,train,standard,U04303;U01692;U02871,2026-01-29 00:02:59,2026-01-29 06:21:33,"{""member_count"": 3, ""start_amount"": 5132.42, ""span_hours"": 8.2, ""decay_range"": [0.95, 0.99]}"
RING_004,closed_loop,closed_loop,heldout,standard,U01661;U04740;U00806,2026-03-23 04:28:29,2026-03-23 17:12:12,"{""member_count"": 3, ""start_amount"": 3272.36, ""span_hours"": 27.15, ""decay_range"": [0.95, 0.99]}"
RING_005,closed_loop,closed_loop,train,standard,U01661;U04516;U01267;U02247,2026-02-18 12:14:08,2026-02-20 01:21:16,"{""member_count"": 4, ""start_amount"": 4597.26, ""span_hours"": 63.86, ""decay_range"": [0.95, 0.99]}"
RING_006,closed_loop,closed_loop,validation,standard,U02188;U04993;U01175;U01858,2026-03-08 04:48:00,2026-03-08 19:56:32,"{""member_count"": 4, ""start_amount"": 4592.78, ""span_hours"": 31.39, ""decay_range"": [0.95, 0.99]}"
RING_007,mule_chain,mule_chain,train,multi_wave,U03393;U02326;U00405;U01188,2026-01-16 02:33:21,2026-01-25 11:53:03,"{""member_count"": 4, ""waves"": 3, ""hop_count"": 3, ""start_amount"": 9018.16}"
RING_MULE_HO,mule_chain,mule_chain,heldout,multi_wave,U01175;U00806;U01145,2026-03-20 16:07:27,2026-03-24 21:47:50,"{""member_count"": 3, ""waves"": 2, ""hop_count"": 2, ""start_amount"": 6783.14}"
RING_008,mule_chain,mule_chain,train,multi_wave,U00993;U02069;U01692;U03729,2026-02-24 21:26:54,2026-02-27 03:00:04,"{""member_count"": 4, ""waves"": 2, ""hop_count"": 3, ""start_amount"": 6859.64}"
RING_009,mule_chain,mule_chain,train,standard,U03729;U02326;U02075;U04119;U03906,2026-01-13 13:43:21,2026-01-13 18:12:16,"{""member_count"": 5, ""waves"": 1, ""hop_count"": 4, ""start_amount"": 4705.83}"
RING_010,mule_chain,mule_chain,train,standard,U02871;U00405;U02543;U00510;U03478,2026-02-08 20:32:11,2026-02-08 23:56:20,"{""member_count"": 5, ""waves"": 1, ""hop_count"": 4, ""start_amount"": 6416.62}"
RING_011,mule_chain,mule_chain,train,multi_wave,U02096;U02934;U00021,2026-01-09 15:19:13,2026-01-18 23:08:53,"{""member_count"": 3, ""waves"": 3, ""hop_count"": 2, ""start_amount"": 5994.69}"
RING_012,mule_chain,mule_chain,validation,multi_wave,U02326;U03654;U00493;U03666,2026-03-11 18:32:06,2026-03-18 04:45:17,"{""member_count"": 4, ""waves"": 3, ""hop_count"": 3, ""start_amount"": 8109.41}"
RING_013,mule_chain,mule_chain,validation,standard,U01188;U01965;U03478;U02069;U01661,2026-03-08 12:17:20,2026-03-08 15:18:33,"{""member_count"": 5, ""waves"": 1, ""hop_count"": 4, ""start_amount"": 4635.49}"
RING_014,mule_chain,mule_chain,train,multi_wave,U00288;U03478;U02525;U01692;U01226;U00579,2026-01-27 23:03:13,2026-02-02 12:20:11,"{""member_count"": 6, ""waves"": 2, ""hop_count"": 5, ""start_amount"": 6843.22}"
RING_015,mule_chain,mule_chain,train,standard,U01439;U00749;U02525;U02128;U01380,2026-02-06 18:57:45,2026-02-07 00:22:57,"{""member_count"": 5, ""waves"": 1, ""hop_count"": 4, ""start_amount"": 6271.61}"
RING_016,fan_in_collector,fan_in_collector,train,standard,U03654;U00764;U04740;U00668;U03155;U03393;U01661;U00579;U04993,2026-02-16 13:49:14,2026-02-18 00:41:16,"{""feeders_count"": 7, ""exit_count"": 1, ""window_hours"": 43.31, ""total_collected"": 27192.97}"
RING_017,fan_in_collector,fan_in_collector,validation,standard,U03666;U03393;U03286;U01145;U00352;U00587;U01352;U00996;U00764;U00749,2026-03-16 02:14:17,2026-03-17 10:43:20,"{""feeders_count"": 7, ""exit_count"": 2, ""window_hours"": 35.14, ""total_collected"": 32552.4}"
RING_018,fan_in_collector,fan_in_collector,train,standard,U04822;U04993;U03478;U01858;U00749;U00547;U02525,2026-01-15 17:47:28,2026-01-16 09:24:36,"{""feeders_count"": 5, ""exit_count"": 1, ""window_hours"": 28.94, ""total_collected"": 21719.21}"
RING_019,fan_in_collector,fan_in_collector,train,standard,U03478;U00405;U03687;U01175;U00993;U00493;U03393;U00284;U03654,2026-02-12 10:36:04,2026-02-12 23:34:14,"{""feeders_count"": 6, ""exit_count"": 2, ""window_hours"": 21.13, ""total_collected"": 23335.99}"
RING_020,fan_in_collector,fan_in_collector,heldout,standard,U02069;U00587;U03869;U01226;U00201;U03843;U00405;U04740;U02247;U00284,2026-03-20 21:18:25,2026-03-21 01:39:08,"{""feeders_count"": 7, ""exit_count"": 2, ""window_hours"": 4.14, ""total_collected"": 27145.0}"
RING_021,fan_in_collector,fan_in_collector,train,standard,U03654;U04740;U03320;U01352;U00595;U02075;U02052;U04303;U00579;U04119,2026-01-31 23:41:08,2026-02-02 10:13:57,"{""feeders_count"": 7, ""exit_count"": 2, ""window_hours"": 38.42, ""total_collected"": 21820.19}"
RING_022,fan_in_collector,fan_in_collector,train,standard,U00806;U04516;U03419;U00764;U01226;U04822;U01376,2026-02-06 00:17:02,2026-02-06 16:34:56,"{""feeders_count"": 5, ""exit_count"": 1, ""window_hours"": 22.67, ""total_collected"": 22043.12}"
RING_023,fan_in_collector,fan_in_collector,train,standard,U00996;U00284;U04303;U02326;U01226;U03155;U01692;U03286;U01376,2026-01-25 11:24:25,2026-01-27 01:55:44,"{""feeders_count"": 7, ""exit_count"": 1, ""window_hours"": 42.38, ""total_collected"": 24342.64}"
RING_024,fan_in_collector,fan_in_collector,heldout,standard,U04516;U04740;U04119;U01226;U04822;U01145;U00405,2026-03-26 05:45:34,2026-03-27 00:06:00,"{""feeders_count"": 5, ""exit_count"": 1, ""window_hours"": 23.26, ""total_collected"": 20591.11}"
RING_025,fan_in_collector,fan_in_collector,train,standard,U03772;U00288;U00547;U00405;U00352;U02188;U00587;U03729;U04797;U03478,2026-01-19 09:57:21,2026-01-19 13:13:25,"{""feeders_count"": 7, ""exit_count"": 2, ""window_hours"": 3.84, ""total_collected"": 26950.07}"
RING_026,device_farm_star,device_farm_star,train,standard,U01352;U00405;U01965;U03729;U03772;U03180;U02069;U00493,2026-01-14 10:18:34,2026-01-15 18:17:01,"{""spokes_count"": 7, ""shared_device"": ""DEV_FARM_826"", ""total_swept"": 28833.95}"
RING_027,device_farm_star,device_farm_star,train,standard,U02934;U04993;U01352;U03869;U01965;U01410;U04297,2026-01-09 23:51:21,2026-01-11 06:54:31,"{""spokes_count"": 6, ""shared_device"": ""DEV_FARM_390"", ""total_swept"": 23494.7}"
RING_028,device_farm_star,device_farm_star,train,standard,U03039;U02096;U00493;U00749;U02052;U02543;U01410;U01965,2026-02-07 04:42:56,2026-02-08 13:13:46,"{""spokes_count"": 7, ""shared_device"": ""DEV_FARM_528"", ""total_swept"": 29694.48}"
RING_029,device_farm_star,device_farm_star,train,standard,U02871;U00595;U01858;U02934;U00852;U02087,2026-02-07 13:46:40,2026-02-08 15:27:10,"{""spokes_count"": 5, ""shared_device"": ""DEV_FARM_562"", ""total_swept"": 18458.38}"
RING_030,device_farm_star,device_farm_star,train,standard,U03155;U00668;U02247;U02934;U03419;U03869;U04297;U00806;U02096,2026-02-11 06:47:42,2026-02-12 14:12:10,"{""spokes_count"": 8, ""shared_device"": ""DEV_FARM_262"", ""total_swept"": 28998.34}"
RING_031,device_farm_star,device_farm_star,train,standard,U02872;U00352;U00668;U01145;U02087;U00201;U00518;U02934,2026-01-27 21:05:10,2026-01-29 04:01:37,"{""spokes_count"": 7, ""shared_device"": ""DEV_FARM_142"", ""total_swept"": 20684.02}"
RING_032,scam_victim_mule,scam_victim_mule,validation,standard,U01815;U00993;U00764,2026-03-08 07:42:46,2026-03-08 08:24:46,"{""victim_count"": 1, ""mule"": ""U00993"", ""total_scammed"": 17830.81}"
RING_033,scam_victim_mule,scam_victim_mule,validation,standard,U04646;U00352;U03419,2026-03-13 02:04:40,2026-03-13 02:24:40,"{""victim_count"": 1, ""mule"": ""U00352"", ""total_scammed"": 13259.99}"
RING_034,scam_victim_mule,scam_victim_mule,heldout,standard,U01656;U02188;U00518,2026-03-20 14:49:03,2026-03-20 15:21:03,"{""victim_count"": 1, ""mule"": ""U02188"", ""total_scammed"": 10463.85}"
RING_035,scam_victim_mule,scam_victim_mule,train,standard,U01882;U04492;U03109;U03478,2026-02-11 07:08:38,2026-02-11 10:33:38,"{""victim_count"": 2, ""mule"": ""U03109"", ""total_scammed"": 22796.7}"
RING_036,scam_victim_mule,scam_victim_mule,train,standard,U03333;U04420;U00749;U00852,2026-02-05 17:57:25,2026-02-05 23:21:25,"{""victim_count"": 2, ""mule"": ""U00749"", ""total_scammed"": 14796.69}"
RING_037,scam_victim_mule,scam_victim_mule,heldout,standard,U04799;U01689;U01226;U02075,2026-03-25 15:38:43,2026-03-25 20:04:43,"{""victim_count"": 2, ""mule"": ""U01226"", ""total_scammed"": 22070.16}"
RING_038,scam_victim_mule,scam_victim_mule,train,standard,U03791;U01305;U00547;U00518,2026-02-20 19:42:54,2026-02-20 21:17:54,"{""victim_count"": 2, ""mule"": ""U00547"", ""total_scammed"": 21790.26}"
RING_039,scam_victim_mule,scam_victim_mule,train,standard,U03167;U01028;U03155;U00493,2026-02-23 04:44:19,2026-02-23 08:00:19,"{""victim_count"": 2, ""mule"": ""U03155"", ""total_scammed"": 31139.27}"
RING_040,scam_victim_mule,scam_victim_mule,validation,standard,U01317;U00510;U03666,2026-03-12 09:32:35,2026-03-12 09:58:35,"{""victim_count"": 1, ""mule"": ""U00510"", ""total_scammed"": 6092.11}"
RING_041,scam_victim_mule,scam_victim_mule,train,standard,U01165;U04720;U04740;U00201,2026-02-25 18:40:43,2026-02-25 19:52:43,"{""victim_count"": 2, ""mule"": ""U04740"", ""total_scammed"": 17283.48}"
RING_SLEEPER,synthetic_sleeper,synthetic_sleeper,spans_heldout,sleeper_bustout,U03008;U04086;U02074;U04137;U04010;U02091;U01687;U04782,2026-01-17 21:07:31,2026-03-23 15:24:36,"{""member_count"": 6, ""cashout_count"": 2, ""sleep_weeks"": 3, ""bust_out_day"": 81, ""total_bust"": 26371.67}"
RING_043,synthetic_sleeper,synthetic_sleeper,train,sleeper_bustout,U01447;U02596;U04637;U03475;U01675;U00895;U00568;U02004;U02298,2026-01-18 22:05:22,2026-02-01 12:29:30,"{""member_count"": 7, ""cashout_count"": 2, ""sleep_weeks"": 2, ""bust_out_day"": 31, ""total_bust"": 36092.2}"
RING_044,synthetic_sleeper,synthetic_sleeper,train,sleeper_bustout,U01921;U02694;U02513;U02477;U02050;U01542;U02414;U00092;U04377;U03348,2026-01-24 20:01:32,2026-02-07 14:25:57,"{""member_count"": 8, ""cashout_count"": 2, ""sleep_weeks"": 2, ""bust_out_day"": 37, ""total_bust"": 34510.92}"
RING_045,synthetic_sleeper,synthetic_sleeper,train,sleeper_bustout,U02184;U03600;U04776;U00419;U00006;U03163;U02904;U02748,2026-02-03 19:04:21,2026-03-03 16:20:51,"{""member_count"": 6, ""cashout_count"": 2, ""sleep_weeks"": 4, ""bust_out_day"": 61, ""total_bust"": 25492.67}"
RING_046,synthetic_sleeper,synthetic_sleeper,train,sleeper_bustout,U03088;U03934;U00482;U01274;U03442;U01004;U02622;U04292;U00089,2026-02-03 22:04:09,2026-02-24 15:36:23,"{""member_count"": 7, ""cashout_count"": 2, ""sleep_weeks"": 3, ""bust_out_day"": 54, ""total_bust"": 31017.85}"
RING_047,synthetic_sleeper,synthetic_sleeper,train,sleeper_bustout,U03886;U00741;U00536;U02078;U02747;U03373;U04998;U02345,2026-02-09 22:13:09,2026-02-23 12:30:27,"{""member_count"": 6, ""cashout_count"": 2, ""sleep_weeks"": 2, ""bust_out_day"": 53, ""total_bust"": 24325.51}"
RING_048,slow_chain,slow_chain,heldout,held_out_novel,U02318;U01118;U00244;U03922,2026-03-23 11:01:06,2026-03-25 02:10:42,"{""hop_count"": 3, ""min_hop_hours"": 6, ""max_hop_hours"": 24, ""total_span_hours"": 46.5}"
RING_049,slow_chain,slow_chain,heldout,held_out_novel,U00780;U04500;U04649;U02363,2026-03-21 13:38:08,2026-03-23 07:15:12,"{""hop_count"": 3, ""min_hop_hours"": 6, ""max_hop_hours"": 24, ""total_span_hours"": 58.5}"
RING_050,slow_chain,slow_chain,heldout,held_out_novel,U03172;U02490;U01714;U04369;U00602;U01329,2026-03-25 21:14:44,2026-03-28 04:36:45,"{""hop_count"": 5, ""min_hop_hours"": 6, ""max_hop_hours"": 24, ""total_span_hours"": 72.3}"
RING_051,slow_chain,slow_chain,heldout,held_out_novel,U04729;U03041;U02661;U04329;U00328,2026-03-28 02:39:19,2026-03-29 19:17:50,"{""hop_count"": 4, ""min_hop_hours"": 6, ""max_hop_hours"": 24, ""total_span_hours"": 52.1}"
RING_052,slow_chain,slow_chain,heldout,held_out_novel,U03049;U01796;U00819;U01481;U04673,2026-03-26 19:10:52,2026-03-29 02:03:58,"{""hop_count"": 4, ""min_hop_hours"": 6, ""max_hop_hours"": 24, ""total_span_hours"": 72.5}"
RING_053,distributed_device_ring,distributed_device_ring,heldout,held_out_novel,U01932;U00717;U03875;U02141;U04265,2026-03-28 12:08:44,2026-03-29 22:29:04,"{""feeders_count"": 4, ""shared_address"": ""Unit 21, Cyber Towers, Hi-Tech City, Hyderabad - 500081"", ""shared_phone"": ""+919912379076"", ""total_in"": 16001.97}"
RING_054,distributed_device_ring,distributed_device_ring,heldout,held_out_novel,U04494;U00775;U02565;U02030;U02697;U03829;U01712,2026-03-29 22:00:40,2026-03-31 03:46:41,"{""feeders_count"": 6, ""shared_address"": ""Unit 54, Cyber Towers, Hi-Tech City, Hyderabad - 500081"", ""shared_phone"": ""+919912320718"", ""total_in"": 31609.98}"
RING_055,distributed_device_ring,distributed_device_ring,heldout,held_out_novel,U04404;U01106;U02006;U04278;U00963;U02287;U02435,2026-03-29 19:55:19,2026-03-31 03:44:43,"{""feeders_count"": 6, ""shared_address"": ""Unit 34, Cyber Towers, Hi-Tech City, Hyderabad - 500081"", ""shared_phone"": ""+919912334164"", ""total_in"": 28217.71}"
RING_056,distributed_device_ring,distributed_device_ring,heldout,held_out_novel,U03673;U02321;U03522;U00519;U00113;U03066;U03696,2026-03-28 02:48:49,2026-03-28 12:28:39,"{""feeders_count"": 6, ""shared_address"": ""Unit 15, Cyber Towers, Hi-Tech City, Hyderabad - 500081"", ""shared_phone"": ""+919912344986"", ""total_in"": 28352.92}"
RING_057,distributed_device_ring,distributed_device_ring,heldout,held_out_novel,U04118;U01045;U01239;U03245;U01806,2026-03-24 16:09:22,2026-03-25 09:14:59,"{""feeders_count"": 4, ""shared_address"": ""Unit 33, Cyber Towers, Hi-Tech City, Hyderabad - 500081"", ""shared_phone"": ""+919912372937"", ""total_in"": 17331.2}"
