account_id,transaction_count,sequence_length,sequence_perplexity,sequence_anomaly_score,insufficient_sequence_history,is_fraud_account,ring_id
U00001,19,19,5.7633,0.2956,False,0,NONE
U00002,5,5,5.9165,0.4091,False,0,NONE
U00003,4,4,5.6231,0.1916,False,0,NONE
U00004,12,12,5.7181,0.262,False,0,NONE
U00005,9,9,5.9575,0.4395,False,0,NONE
U00006,12,12,6.0991,0.5445,False,0,NONE
U00007,9,9,5.5649,0.1485,False,0,NONE
U00008,10,10,5.8791,0.3814,False,0,NONE
U00009,14,14,6.1356,0.5715,False,0,NONE
U00010,7,7,5.8048,0.3263,False,0,NONE
U00011,11,11,5.7072,0.254,False,0,NONE
U00012,8,8,6.1521,0.5838,False,0,NONE
U00013,7,7,5.8515,0.3609,False,0,NONE
U00014,13,13,6.1533,0.5847,False,0,NONE
U00015,10,10,6.0939,0.5406,False,0,NONE
U00016,8,8,6.0163,0.4831,False,0,NONE
U00017,15,15,5.777,0.3057,False,0,NONE
U00018,10,10,5.9014,0.3979,False,0,NONE
U00019,13,13,6.0379,0.4991,False,0,NONE
U00020,10,10,6.1276,0.5656,False,0,NONE
U00021,14,14,6.0728,0.525,False,0,NONE
U00022,19,19,6.1073,0.5506,False,0,NONE
U00023,10,10,6.0183,0.4846,False,0,NONE
U00024,10,10,5.8392,0.3518,False,0,NONE
U00025,12,12,5.7785,0.3068,False,0,NONE
U00026,7,7,5.7115,0.2572,False,0,NONE
U00027,5,5,6.049,0.5073,False,0,NONE
U00028,7,7,6.1747,0.6005,False,0,NONE
U00029,9,9,5.7836,0.3106,False,0,NONE
U00030,14,14,6.285,0.6823,False,0,NONE
U00031,8,8,5.7721,0.3021,False,0,NONE
U00032,11,11,6.0919,0.5391,False,0,NONE
U00033,8,8,5.7647,0.2966,False,0,NONE
U00034,15,15,6.026,0.4903,False,0,NONE
U00035,5,5,5.7284,0.2697,False,0,NONE
U00036,12,12,5.9504,0.4343,False,0,NONE
U00037,9,9,6.2119,0.6281,False,0,NONE
U00038,11,11,6.1624,0.5914,False,0,NONE
U00039,11,11,5.6285,0.1956,False,0,NONE
U00040,7,7,5.8888,0.3886,False,0,NONE
U00041,8,8,5.9202,0.4119,False,0,NONE
U00042,8,8,6.1086,0.5515,False,0,NONE
U00043,14,14,6.0955,0.5418,False,0,NONE
U00044,12,12,5.9433,0.429,False,0,NONE
U00045,12,12,6.0106,0.4789,False,0,NONE
U00046,9,9,6.0427,0.5027,False,0,NONE
U00047,1,1,3.0,0.5,True,1,RING_002
U00048,6,6,6.0591,0.5148,False,0,NONE
U00049,17,17,5.8739,0.3775,False,0,NONE
U00050,8,8,5.5661,0.1494,False,0,NONE
U00051,10,10,5.5592,0.1443,False,0,NONE
U00052,20,20,6.119,0.5592,False,0,NONE
U00053,13,13,6.2167,0.6317,False,0,NONE
U00054,1,1,3.0,0.5,True,1,RING_002
U00055,14,14,6.2316,0.6427,False,0,NONE
U00056,7,7,5.8258,0.3419,False,0,NONE
U00057,18,18,5.9857,0.4604,False,0,NONE
U00058,7,7,6.0072,0.4764,False,0,NONE
U00059,16,16,5.9012,0.3978,False,0,NONE
U00060,19,19,6.1191,0.5593,False,0,NONE
U00061,8,8,6.1359,0.5718,False,0,NONE
U00062,12,12,6.005,0.4747,False,0,NONE
U00063,11,11,6.0286,0.4922,False,0,NONE
U00064,8,8,5.6485,0.2105,False,0,NONE
U00065,8,8,6.0795,0.53,False,0,NONE
U00066,2,2,7.0137,1.0,False,0,NONE
U00067,5,5,5.8574,0.3653,False,0,NONE
U00068,5,5,6.2961,0.6905,False,0,NONE
U00069,7,7,5.9793,0.4557,False,0,NONE
U00070,5,5,6.3975,0.7657,False,0,NONE
U00071,11,11,6.1922,0.6135,False,0,NONE
U00072,5,5,6.2093,0.6262,False,0,NONE
U00073,10,10,5.9793,0.4557,False,0,NONE
U00074,14,14,5.6994,0.2482,False,0,NONE
U00075,10,10,5.7882,0.314,False,0,NONE
U00076,18,18,6.084,0.5333,False,0,NONE
U00077,5,5,5.678,0.2323,False,0,NONE
U00078,9,9,6.0214,0.4869,False,0,NONE
U00079,7,7,5.8546,0.3632,False,0,NONE
U00080,2,2,5.6629,0.2211,False,0,NONE
U00081,13,13,5.9896,0.4633,False,0,NONE
U00082,16,16,5.9063,0.4016,False,0,NONE
U00083,7,7,5.9262,0.4163,False,0,NONE
U00084,11,11,5.879,0.3813,False,0,NONE
U00085,12,12,5.765,0.2968,False,0,NONE
U00086,7,7,6.2167,0.6317,False,0,NONE
U00087,7,7,6.0014,0.4721,False,0,NONE
U00088,20,20,5.9907,0.4641,False,0,NONE
U00089,6,6,5.9544,0.4372,False,0,NONE
U00090,15,15,6.2533,0.6588,False,0,NONE
U00091,6,6,5.9011,0.3977,False,0,NONE
U00092,4,4,6.338,0.7216,False,0,NONE
U00093,8,8,5.8384,0.3512,False,0,NONE
U00094,7,7,6.0121,0.48,False,0,NONE
U00095,10,10,5.6801,0.2339,False,0,NONE
U00096,6,6,5.9735,0.4514,False,0,NONE
U00097,7,7,6.0011,0.4718,False,0,NONE
U00098,19,19,6.0274,0.4913,False,0,NONE
U00099,6,6,6.1703,0.5973,False,0,NONE
U00100,9,9,6.3703,0.7455,False,0,NONE
U00101,10,10,6.0645,0.5188,False,0,NONE
U00102,6,6,5.7278,0.2692,False,0,NONE
U00103,8,8,6.3799,0.7526,False,0,NONE
U00104,11,11,6.3373,0.7211,False,0,NONE
U00105,10,10,5.6332,0.1991,False,0,NONE
U00106,4,4,6.3777,0.751,False,0,NONE
U00107,10,10,6.0709,0.5236,False,0,NONE
U00108,11,11,5.9852,0.46,False,0,NONE
U00109,9,9,5.7897,0.3151,False,0,NONE
U00110,9,9,6.1012,0.546,False,0,NONE
U00111,4,4,6.1242,0.5631,False,0,NONE
U00112,7,7,6.0665,0.5203,False,0,NONE
U00113,8,8,5.8631,0.3695,False,0,NONE
U00114,9,9,5.9757,0.453,False,0,NONE
U00115,11,11,5.9098,0.4042,False,0,NONE
U00116,13,13,6.0688,0.522,False,0,NONE
U00117,11,11,5.9351,0.4229,False,0,NONE
U00118,19,19,5.9818,0.4575,False,0,NONE
U00120,6,6,6.4361,0.7943,False,0,NONE
U00121,13,13,5.62,0.1893,False,0,NONE
U00122,10,10,5.9369,0.4242,False,0,NONE
U00123,7,7,5.7239,0.2663,False,0,NONE
U00124,10,10,6.0682,0.5216,False,0,NONE
U00125,12,12,5.6758,0.2307,False,0,NONE
U00126,10,10,6.0898,0.5376,False,0,NONE
U00127,7,7,5.7509,0.2864,False,0,NONE
U00128,5,5,5.849,0.3591,False,0,NONE
U00129,8,8,5.6246,0.1927,False,0,NONE
U00130,13,13,5.8834,0.3846,False,0,NONE
U00131,12,12,6.4661,0.8165,False,0,NONE
U00132,13,13,6.2959,0.6904,False,0,NONE
U00133,10,10,6.0237,0.4886,False,0,NONE
U00134,2,2,5.5124,0.1096,False,0,NONE
U00135,16,16,5.7942,0.3185,False,0,NONE
U00136,11,11,5.879,0.3813,False,0,NONE
U00137,12,12,5.9618,0.4427,False,0,NONE
U00138,11,11,6.1288,0.5665,False,0,NONE
U00139,8,8,5.8201,0.3377,False,0,NONE
U00140,13,13,5.7746,0.3039,False,0,NONE
U00141,7,7,5.8386,0.3514,False,0,NONE
U00142,10,10,6.0808,0.5309,False,0,NONE
U00143,6,6,5.6229,0.1915,False,0,NONE
U00144,12,12,6.3464,0.7278,False,0,NONE
U00145,7,7,5.7912,0.3162,False,0,NONE
U00146,17,17,6.1405,0.5752,False,0,NONE
U00147,19,19,5.9499,0.4339,False,0,NONE
U00148,7,7,5.8818,0.3834,False,0,NONE
U00149,14,14,6.1262,0.5646,False,0,NONE
U00150,3,3,6.6455,0.9495,False,0,NONE
U00151,12,12,5.8902,0.3896,False,0,NONE
U00152,20,20,6.1317,0.5686,False,0,NONE
U00153,10,10,5.951,0.4347,False,0,NONE
U00154,6,6,5.8216,0.3388,False,0,NONE
U00155,11,11,6.0575,0.5136,False,0,NONE
U00156,10,10,6.1189,0.5592,False,0,NONE
U00157,9,9,6.3301,0.7157,False,0,NONE
U00158,13,13,5.9226,0.4136,False,0,NONE
U00159,13,13,5.9397,0.4263,False,0,NONE
U00160,11,11,6.1515,0.5833,False,0,NONE
U00161,12,12,5.9182,0.4104,False,0,NONE
U00162,10,10,6.164,0.5926,False,0,NONE
U00163,15,15,6.35,0.7305,False,0,NONE
U00164,8,8,5.7715,0.3016,False,0,NONE
U00165,11,11,6.4587,0.8111,False,0,NONE
U00166,8,8,5.9178,0.4101,False,0,NONE
U00167,11,11,6.0509,0.5088,False,0,NONE
U00168,11,11,6.2413,0.6499,False,0,NONE
U00169,12,12,6.0655,0.5196,False,0,NONE
U00170,16,16,5.7962,0.3199,False,0,NONE
U00171,15,15,6.0726,0.5248,False,0,NONE
U00172,7,7,5.9624,0.4431,False,0,NONE
U00173,16,16,6.1624,0.5914,False,0,NONE
U00174,8,8,6.3133,0.7033,False,0,NONE
U00175,8,8,5.8084,0.329,False,0,NONE
U00176,15,15,6.1131,0.5549,False,0,NONE
U00177,14,14,5.8683,0.3734,False,0,NONE
U00178,8,8,5.9054,0.4009,False,0,NONE
U00179,13,13,5.6908,0.2418,False,0,NONE
U00180,11,11,5.9622,0.443,False,0,NONE
U00181,8,8,5.9849,0.4598,False,0,NONE
U00182,12,12,6.0937,0.5405,False,0,NONE
U00183,15,15,5.8697,0.3744,False,0,NONE
U00184,10,10,5.9858,0.4605,False,0,NONE
U00185,10,10,6.0007,0.4715,False,0,NONE
U00186,13,13,6.1316,0.5686,False,0,NONE
U00187,11,11,6.1552,0.5861,False,0,NONE
U00188,10,10,6.3926,0.7621,False,0,NONE
U00189,11,11,6.4464,0.8019,False,0,NONE
U00190,10,10,5.977,0.454,False,0,NONE
U00191,1,1,3.0,0.5,True,1,RING_003
U00192,4,4,6.0134,0.481,False,0,NONE
U00193,9,9,5.9533,0.4364,False,0,NONE
U00194,10,10,5.9126,0.4062,False,0,NONE
U00195,1,1,3.0,0.5,True,1,RING_004
U00196,6,6,5.7251,0.2672,False,0,NONE
U00197,3,3,5.7645,0.2964,False,0,NONE
U00198,11,11,6.2755,0.6752,False,0,NONE
U00199,13,13,5.9994,0.4706,False,0,NONE
U00200,14,14,5.674,0.2294,False,0,NONE
U00201,16,16,5.9832,0.4586,False,0,NONE
U00202,6,6,5.8573,0.3652,False,0,NONE
U00203,3,3,6.07,0.5229,False,0,NONE
U00204,11,11,6.0196,0.4855,False,0,NONE
U00205,11,11,5.9204,0.412,False,0,NONE
U00206,1,1,3.0,0.5,True,1,RING_004
U00207,8,8,6.0131,0.4807,False,0,NONE
U00208,18,18,5.9383,0.4253,False,0,NONE
U00209,9,9,6.1446,0.5782,False,0,NONE
U00210,12,12,6.0088,0.4775,False,0,NONE
U00211,6,6,5.7863,0.3126,False,0,NONE
U00212,5,5,6.0545,0.5114,False,0,NONE
U00213,15,15,6.3934,0.7626,False,0,NONE
U00214,9,9,5.8336,0.3477,False,0,NONE
U00215,5,5,5.4785,0.0844,False,0,NONE
U00216,6,6,5.5709,0.1529,False,0,NONE
U00217,14,14,5.9793,0.4557,False,0,NONE
U00218,12,12,6.0698,0.5228,False,0,NONE
U00219,6,6,6.2282,0.6402,False,0,NONE
U00220,7,7,5.8566,0.3647,False,0,NONE
U00221,12,12,6.4288,0.7889,False,0,NONE
U00222,16,16,5.9804,0.4565,False,0,NONE
U00223,11,11,6.1977,0.6176,False,0,NONE
U00224,15,15,5.8494,0.3594,False,0,NONE
U00225,13,13,5.9434,0.4291,False,0,NONE
U00226,9,9,6.14,0.5748,False,0,NONE
U00227,19,19,5.8389,0.3516,False,0,NONE
U00228,11,11,6.2621,0.6653,False,0,NONE
U00229,21,21,6.0843,0.5335,False,0,NONE
U00230,9,9,6.0957,0.542,False,0,NONE
U00231,9,9,6.0722,0.5245,False,0,NONE
U00232,16,16,6.0102,0.4786,False,0,NONE
U00233,1,1,3.0,0.5,True,1,RING_004
U00234,7,7,6.4509,0.8053,False,0,NONE
U00235,7,7,6.3063,0.6981,False,0,NONE
U00236,6,6,6.0863,0.535,False,0,NONE
U00237,15,15,6.1896,0.6116,False,0,NONE
U00238,13,13,6.0235,0.4884,False,0,NONE
U00239,9,9,6.0821,0.5319,False,0,NONE
U00240,6,6,6.2092,0.6261,False,0,NONE
U00241,7,7,6.1853,0.6084,False,0,NONE
U00242,9,9,5.7331,0.2732,False,0,NONE
U00243,11,11,6.4353,0.7937,False,0,NONE
U00244,6,6,5.946,0.431,False,0,NONE
U00245,14,14,5.9189,0.4109,False,0,NONE
U00246,13,13,5.9171,0.4096,False,0,NONE
U00247,18,18,6.0839,0.5332,False,0,NONE
U00248,14,14,5.9884,0.4624,False,0,NONE
U00249,12,12,6.1251,0.5638,False,0,NONE
U00250,17,17,5.9894,0.4632,False,0,NONE
U00251,6,6,5.753,0.2879,False,0,NONE
U00252,7,7,5.5956,0.1712,False,0,NONE
U00253,11,11,5.8662,0.3718,False,0,NONE
U00254,6,6,5.9883,0.4623,False,0,NONE
U00255,9,9,6.2208,0.6347,False,0,NONE
U00256,4,4,5.7636,0.2958,False,0,NONE
U00257,10,10,5.7668,0.2981,False,0,NONE
U00258,5,5,5.7734,0.303,False,0,NONE
U00259,12,12,5.953,0.4362,False,0,NONE
U00260,10,10,6.0328,0.4953,False,0,NONE
U00261,11,11,5.9922,0.4652,False,0,NONE
U00262,8,8,5.6855,0.2379,False,0,NONE
U00263,13,13,5.8949,0.3931,False,0,NONE
U00264,16,16,6.0998,0.545,False,0,NONE
U00265,5,5,5.9021,0.3984,False,0,NONE
U00266,8,8,6.2243,0.6373,False,0,NONE
U00267,7,7,6.2497,0.6561,False,0,NONE
U00268,13,13,5.8274,0.3431,False,0,NONE
U00269,7,7,5.8266,0.3425,False,0,NONE
U00270,14,14,5.8493,0.3593,False,0,NONE
U00271,4,4,5.7299,0.2708,False,0,NONE
U00272,6,6,6.1551,0.586,False,0,NONE
U00273,11,11,5.7411,0.2791,False,0,NONE
U00274,11,11,5.7124,0.2578,False,0,NONE
U00275,11,11,6.4417,0.7985,False,0,NONE
U00276,6,6,5.7969,0.3205,False,0,NONE
U00277,9,9,6.2502,0.6565,False,0,NONE
U00278,8,8,6.0778,0.5287,False,0,NONE
U00279,7,7,5.6377,0.2024,False,0,NONE
U00280,15,15,6.1442,0.5779,False,0,NONE
U00281,14,14,6.1586,0.5886,False,0,NONE
U00282,2,2,6.4082,0.7736,False,1,RING_003
U00283,9,9,5.8416,0.3536,False,0,NONE
U00284,18,18,6.0307,0.4938,False,0,NONE
U00285,9,9,6.2118,0.628,False,0,NONE
U00286,5,5,6.0137,0.4812,False,0,NONE
U00287,6,6,6.1201,0.56,False,0,NONE
U00288,9,9,6.0114,0.4795,False,0,NONE
U00289,15,15,6.1003,0.5454,False,0,NONE
U00290,15,15,5.8066,0.3277,False,0,NONE
U00291,12,12,6.2549,0.66,False,0,NONE
U00292,8,8,6.1697,0.5968,False,0,NONE
U00293,8,8,6.0031,0.4733,False,0,NONE
U00294,8,8,6.3972,0.7655,False,0,NONE
U00295,10,10,5.5707,0.1528,False,0,NONE
U00296,11,11,6.0744,0.5262,False,0,NONE
U00297,3,3,6.0838,0.5331,False,0,NONE
U00298,6,6,5.9551,0.4377,False,0,NONE
U00299,7,7,5.5896,0.1668,False,0,NONE
U00300,17,17,5.7133,0.2585,False,0,NONE
U00301,8,8,5.9651,0.4451,False,0,NONE
U00302,14,14,5.981,0.4569,False,0,NONE
U00303,11,11,5.9332,0.4215,False,0,NONE
U00304,6,6,5.994,0.4666,False,0,NONE
U00305,17,17,5.9026,0.3988,False,0,NONE
U00306,10,10,6.1857,0.6087,False,0,NONE
U00307,18,18,5.9228,0.4138,False,0,NONE
U00308,14,14,5.7996,0.3225,False,0,NONE
U00309,10,10,5.9554,0.438,False,0,NONE
U00310,12,12,6.0456,0.5048,False,0,NONE
U00311,8,8,5.6799,0.2337,False,0,NONE
U00312,8,8,6.089,0.537,False,0,NONE
U00313,12,12,6.1664,0.5944,False,0,NONE
U00314,7,7,6.0245,0.4892,False,0,NONE
U00315,10,10,6.0677,0.5212,False,0,NONE
U00316,11,11,6.0112,0.4793,False,0,NONE
U00317,12,12,6.0223,0.4876,False,0,NONE
U00318,7,7,5.5823,0.1614,False,0,NONE
U00319,6,6,5.8294,0.3446,False,0,NONE
U00320,11,11,5.9589,0.4406,False,0,NONE
U00321,7,7,6.0827,0.5323,False,0,NONE
U00322,9,9,6.0444,0.5039,False,0,NONE
U00323,10,10,5.9457,0.4308,False,0,NONE
U00324,12,12,6.087,0.5355,False,0,NONE
U00325,10,10,6.0713,0.5239,False,0,NONE
U00326,13,13,6.2143,0.6299,False,0,NONE
U00327,9,9,6.1557,0.5864,False,0,NONE
U00328,16,16,5.7237,0.2662,False,0,NONE
U00329,16,16,6.0396,0.5004,False,0,NONE
U00330,13,13,5.9104,0.4046,False,0,NONE
U00331,10,10,5.9637,0.4441,False,0,NONE
U00332,6,6,6.2902,0.6861,False,0,NONE
U00333,12,12,5.9453,0.4305,False,0,NONE
U00334,18,18,5.9037,0.3996,False,0,NONE
U00335,7,7,5.6346,0.2002,False,0,NONE
U00336,15,15,5.9923,0.4653,False,0,NONE
U00337,8,8,6.1447,0.5783,False,0,NONE
U00338,12,12,6.2362,0.6461,False,0,NONE
U00339,9,9,6.0317,0.4945,False,0,NONE
U00340,10,10,6.1125,0.5544,False,0,NONE
U00341,10,10,6.0273,0.4913,False,0,NONE
U00342,6,6,6.1802,0.6046,False,0,NONE
U00343,10,10,6.1163,0.5572,False,0,NONE
U00344,11,11,5.8024,0.3245,False,0,NONE
U00345,12,12,5.8131,0.3325,False,0,NONE
U00346,7,7,5.7862,0.3125,False,0,NONE
U00347,12,12,5.7662,0.2977,False,0,NONE
U00348,3,3,5.192,0.0,False,0,NONE
U00349,10,10,5.7163,0.2607,False,0,NONE
U00350,13,13,5.8894,0.389,False,0,NONE
U00351,9,9,6.0983,0.5439,False,0,NONE
U00352,10,10,5.3784,0.0102,False,0,NONE
U00353,2,2,5.3042,0.0,False,0,NONE
U00354,10,10,6.1932,0.6142,False,0,NONE
U00355,12,12,6.1328,0.5695,False,0,NONE
U00356,12,12,5.8994,0.3964,False,0,NONE
U00357,11,11,6.2014,0.6203,False,0,NONE
U00358,14,14,5.5899,0.167,False,0,NONE
U00359,13,13,5.8489,0.359,False,0,NONE
U00360,13,13,6.0579,0.5139,False,0,NONE
U00361,18,18,5.9906,0.4641,False,0,NONE
U00362,7,7,5.8155,0.3343,False,0,NONE
U00363,9,9,5.8408,0.353,False,0,NONE
U00364,12,12,5.9788,0.4553,False,0,NONE
U00365,19,19,5.8913,0.3904,False,0,NONE
U00366,13,13,5.9523,0.4357,False,0,NONE
U00367,6,6,6.5054,0.8457,False,0,NONE
U00368,12,12,6.186,0.6089,False,0,NONE
U00369,8,8,5.6104,0.1822,False,0,NONE
U00370,8,8,5.5781,0.1583,False,0,NONE
U00371,10,10,5.8384,0.3512,False,0,NONE
U00372,8,8,6.3083,0.6996,False,0,NONE
U00373,9,9,6.0127,0.4804,False,0,NONE
U00374,8,8,6.007,0.4762,False,0,NONE
U00375,9,9,5.8998,0.3967,False,0,NONE
U00376,9,9,6.0994,0.5447,False,0,NONE
U00377,15,15,6.0713,0.5239,False,0,NONE
U00378,17,17,6.0386,0.4996,False,0,NONE
U00379,7,7,5.8159,0.3345,False,1,RING_002
U00380,7,7,6.077,0.5281,False,0,NONE
U00381,10,10,6.0751,0.5267,False,0,NONE
U00382,14,14,5.894,0.3924,False,0,NONE
U00383,8,8,5.5709,0.1529,False,0,NONE
U00384,14,14,5.8997,0.3967,False,0,NONE
U00385,12,12,5.819,0.3368,False,0,NONE
U00386,10,10,5.7992,0.3222,False,0,NONE
U00387,8,8,6.0058,0.4753,False,0,NONE
U00388,10,10,6.0488,0.5072,False,0,NONE
U00389,9,9,5.9294,0.4187,False,0,NONE
U00390,15,15,6.0163,0.4831,False,0,NONE
U00391,9,9,5.8654,0.3712,False,0,NONE
U00392,13,13,5.8901,0.3896,False,0,NONE
U00393,15,15,6.0166,0.4833,False,0,NONE
U00394,11,11,5.8785,0.381,False,0,NONE
U00395,9,9,5.785,0.3116,False,0,NONE
U00396,10,10,6.1315,0.5685,False,0,NONE
U00397,10,10,5.5649,0.1485,False,0,NONE
U00398,8,8,5.788,0.3139,False,0,NONE
U00399,12,12,6.2742,0.6743,False,0,NONE
U00400,3,3,6.0473,0.5061,False,0,NONE
U00401,7,7,6.0231,0.4881,False,0,NONE
U00402,11,11,5.7643,0.2963,False,0,NONE
U00403,13,13,6.0368,0.4983,False,0,NONE
U00404,7,7,5.9595,0.441,False,0,NONE
U00405,22,22,5.8932,0.3918,False,0,NONE
U00406,4,4,5.6809,0.2345,False,0,NONE
U00407,13,13,5.8953,0.3934,False,0,NONE
U00408,16,16,6.0519,0.5095,False,0,NONE
U00409,10,10,6.0074,0.4765,False,0,NONE
U00410,14,14,6.0301,0.4933,False,0,NONE
U00411,14,14,6.2568,0.6614,False,0,NONE
U00412,18,18,5.6808,0.2344,False,0,NONE
U00413,12,12,5.7954,0.3194,False,0,NONE
U00414,9,9,6.2807,0.6791,False,0,NONE
U00415,4,4,6.1604,0.5899,False,0,NONE
U00416,15,15,6.2773,0.6766,False,0,NONE
U00417,15,15,6.1807,0.605,False,0,NONE
U00418,6,6,6.1834,0.607,False,0,NONE
U00419,7,7,5.9615,0.4425,False,0,NONE
U00420,14,14,6.0223,0.4876,False,0,NONE
U00421,9,9,6.1945,0.6152,False,0,NONE
U00422,11,11,5.8804,0.3824,False,0,NONE
U00423,10,10,5.5611,0.1457,False,0,NONE
U00424,9,9,5.8655,0.3713,False,0,NONE
U00425,14,14,5.8032,0.3251,False,0,NONE
U00426,19,19,6.0155,0.4825,False,0,NONE
U00427,17,17,6.1064,0.5499,False,0,NONE
U00428,7,7,6.2171,0.632,False,0,NONE
U00429,11,11,5.8168,0.3352,False,0,NONE
U00430,3,3,6.1003,0.5454,False,0,NONE
U00431,9,9,5.8127,0.3322,False,0,NONE
U00432,10,10,5.745,0.282,False,0,NONE
U00433,14,14,5.851,0.3606,False,0,NONE
U00434,11,11,6.0767,0.5279,False,0,NONE
U00435,10,10,5.8293,0.3445,False,0,NONE
U00436,3,3,5.4806,0.086,False,0,NONE
U00437,9,9,6.2201,0.6342,False,0,NONE
U00438,16,16,5.9994,0.4706,False,0,NONE
U00439,8,8,6.2201,0.6342,False,0,NONE
U00440,9,9,6.2181,0.6327,False,0,NONE
U00441,9,9,5.8972,0.3948,False,0,NONE
U00442,11,11,5.9966,0.4685,False,0,NONE
U00443,6,6,5.9882,0.4623,False,0,NONE
U00444,10,10,6.1355,0.5715,False,0,NONE
U00445,7,7,6.2826,0.6805,False,0,NONE
U00446,13,13,5.6007,0.175,False,0,NONE
U00447,5,5,5.9883,0.4623,False,0,NONE
U00448,21,21,5.9408,0.4271,False,0,NONE
U00449,13,13,5.7225,0.2653,False,0,NONE
U00450,7,7,5.9396,0.4262,False,0,NONE
U00451,13,13,5.8691,0.374,False,0,NONE
U00452,7,7,5.9653,0.4453,False,0,NONE
U00453,11,11,6.0842,0.5334,False,0,NONE
U00454,14,14,6.0316,0.4944,False,0,NONE
U00455,9,9,5.9221,0.4133,False,0,NONE
U00456,5,5,6.0201,0.4859,False,0,NONE
U00457,11,11,6.0241,0.4889,False,0,NONE
U00458,8,8,5.6414,0.2052,False,0,NONE
U00459,5,5,5.9167,0.4093,False,0,NONE
U00460,8,8,6.1611,0.5904,False,0,NONE
U00461,5,5,5.5803,0.1599,False,0,NONE
U00462,5,5,5.889,0.3887,False,0,NONE
U00463,5,5,5.6118,0.1832,False,0,NONE
U00464,15,15,6.0577,0.5138,False,0,NONE
U00465,12,12,6.1527,0.5842,False,0,NONE
U00466,11,11,6.0933,0.5402,False,0,NONE
U00467,7,7,5.5672,0.1502,False,0,NONE
U00468,6,6,5.5086,0.1067,False,0,NONE
U00469,10,10,5.7457,0.2825,False,0,NONE
U00470,8,8,5.6801,0.2339,False,0,NONE
U00471,12,12,6.0103,0.4787,False,0,NONE
U00472,6,6,5.807,0.3279,False,0,NONE
U00473,9,9,5.8748,0.3782,False,0,NONE
U00474,5,5,5.934,0.4221,False,0,NONE
U00475,7,7,6.3147,0.7043,False,0,NONE
U00476,9,9,6.1272,0.5653,False,0,NONE
U00477,10,10,5.8442,0.3555,False,0,NONE
U00478,11,11,6.4883,0.833,False,0,NONE
U00479,9,9,5.9851,0.46,False,0,NONE
U00480,2,2,6.4082,0.7736,False,0,NONE
U00481,12,12,6.2678,0.6695,False,0,NONE
U00482,14,14,6.0847,0.5338,False,0,NONE
U00483,9,9,5.7784,0.3067,False,0,NONE
U00484,8,8,5.9751,0.4526,False,0,NONE
U00485,17,17,5.6284,0.1956,False,0,NONE
U00486,11,11,6.1094,0.5521,False,0,NONE
U00487,18,18,5.977,0.454,False,0,NONE
U00488,5,5,5.7874,0.3134,False,0,NONE
U00489,11,11,6.1438,0.5776,False,0,NONE
U00490,12,12,5.8261,0.3421,False,0,NONE
U00491,10,10,6.0595,0.5151,False,0,NONE
U00492,11,11,5.8358,0.3493,False,0,NONE
U00493,12,12,5.7558,0.29,False,0,NONE
U00494,10,10,6.1124,0.5543,False,0,NONE
U00495,9,9,5.9881,0.4622,False,0,NONE
U00496,5,5,5.9665,0.4462,False,0,NONE
U00497,6,6,5.667,0.2242,False,0,NONE
U00498,8,8,5.7933,0.3178,False,0,NONE
U00499,8,8,6.1738,0.5999,False,0,NONE
U00500,6,6,5.7734,0.303,False,0,NONE
U00501,14,14,5.6626,0.2209,False,0,NONE
U00502,10,10,6.0605,0.5159,False,0,NONE
U00503,9,9,5.9478,0.4323,False,0,NONE
U00504,11,11,6.3374,0.7211,False,0,NONE
U00505,13,13,5.8019,0.3242,False,0,NONE
U00506,16,16,5.8969,0.3946,False,0,NONE
U00507,14,14,5.9867,0.4612,False,0,NONE
U00508,11,11,5.9513,0.4349,False,0,NONE
U00509,9,9,6.1261,0.5645,False,0,NONE
U00510,10,10,6.2248,0.6377,False,0,NONE
U00511,8,8,6.1106,0.553,False,0,NONE
U00512,11,11,6.1782,0.6031,False,0,NONE
U00513,11,11,6.0324,0.495,False,0,NONE
U00514,7,7,6.3386,0.722,False,0,NONE
U00515,4,4,5.9099,0.4042,False,0,NONE
U00516,1,1,3.0,0.5,True,0,NONE
U00517,7,7,6.1811,0.6053,False,0,NONE
U00518,6,6,5.6501,0.2116,False,0,NONE
U00519,4,4,5.5691,0.1516,False,0,NONE
U00520,12,12,6.002,0.4725,False,0,NONE
U00521,15,15,5.7945,0.3187,False,0,NONE
U00522,6,6,5.6345,0.2001,False,0,NONE
U00523,13,13,5.9211,0.4125,False,0,NONE
U00524,6,6,5.8657,0.3715,False,0,NONE
U00525,7,7,5.9712,0.4497,False,0,NONE
U00526,14,14,6.0549,0.5117,False,0,NONE
U00527,8,8,5.9552,0.4378,False,0,NONE
U00528,12,12,5.9634,0.4439,False,0,NONE
U00529,7,7,6.1206,0.5604,False,0,NONE
U00530,10,10,5.7854,0.3119,False,0,NONE
U00531,8,8,6.0388,0.4998,False,0,NONE
U00532,7,7,6.0298,0.4931,False,0,NONE
U00533,14,14,6.0339,0.4962,False,0,NONE
U00534,10,10,6.081,0.5311,False,0,NONE
U00535,12,12,5.7831,0.3102,False,0,NONE
U00536,15,15,6.1041,0.5482,False,0,NONE
U00537,15,15,6.1049,0.5488,False,0,NONE
U00538,8,8,6.3685,0.7442,False,0,NONE
U00539,7,7,6.0402,0.5008,False,0,NONE
U00540,5,5,5.5477,0.1357,False,0,NONE
U00541,11,11,6.3759,0.7497,False,0,NONE
U00542,2,2,6.9789,1.0,False,1,RING_HELDOUT
U00543,16,16,6.1996,0.619,False,0,NONE
U00544,16,16,5.9579,0.4398,False,0,NONE
U00545,4,4,5.4682,0.0768,False,0,NONE
U00546,10,10,6.1324,0.5692,False,0,NONE
U00547,4,4,5.5022,0.102,False,0,NONE
U00548,11,11,5.9965,0.4684,False,0,NONE
U00549,9,9,5.8562,0.3644,False,0,NONE
U00550,20,20,6.0067,0.476,False,0,NONE
U00551,11,11,5.9239,0.4146,False,0,NONE
U00552,7,7,6.115,0.5563,False,0,NONE
U00553,1,1,3.0,0.5,True,0,NONE
U00554,7,7,5.9934,0.4661,False,0,NONE
U00555,11,11,5.7525,0.2875,False,0,NONE
U00556,3,3,6.1473,0.5802,False,0,NONE
U00557,5,5,6.2505,0.6567,False,0,NONE
U00558,7,7,6.2697,0.6709,False,0,NONE
U00559,10,10,5.8546,0.3632,False,0,NONE
U00560,13,13,5.942,0.428,False,0,NONE
U00561,9,9,6.0968,0.5428,False,0,NONE
U00562,2,2,5.7042,0.2517,False,0,NONE
U00563,11,11,5.9302,0.4193,False,0,NONE
U00564,11,11,5.967,0.4466,False,0,NONE
U00565,16,16,5.8611,0.3681,False,0,NONE
U00566,6,6,5.9879,0.4621,False,0,NONE
U00567,4,4,6.0439,0.5036,False,0,NONE
U00568,13,13,5.7859,0.3123,False,0,NONE
U00569,8,8,5.9008,0.3975,False,0,NONE
U00570,11,11,6.2235,0.6367,False,0,NONE
U00571,10,10,6.0262,0.4904,False,0,NONE
U00572,14,14,6.1063,0.5498,False,0,NONE
U00573,13,13,5.7885,0.3142,False,0,NONE
U00574,4,4,6.0322,0.4949,False,0,NONE
U00575,14,14,5.6164,0.1867,False,0,NONE
U00576,9,9,6.1231,0.5623,False,0,NONE
U00577,5,5,5.8388,0.3515,False,0,NONE
U00578,14,14,5.8183,0.3363,False,0,NONE
U00579,6,6,6.4908,0.8348,False,0,NONE
U00580,13,13,6.216,0.6311,False,0,NONE
U00581,7,7,5.662,0.2205,False,0,NONE
U00582,12,12,6.1671,0.5949,False,0,NONE
U00583,13,13,6.028,0.4918,False,0,NONE
U00584,1,1,3.0,0.5,True,1,RING_002
U00585,10,10,5.8313,0.346,False,0,NONE
U00586,10,10,6.2306,0.642,False,0,NONE
U00587,15,15,5.9469,0.4317,False,0,NONE
U00588,10,10,6.3053,0.6973,False,0,NONE
U00589,11,11,5.994,0.4666,False,0,NONE
U00590,8,8,5.889,0.3887,False,0,NONE
U00591,11,11,6.1098,0.5524,False,0,NONE
U00592,11,11,5.9768,0.4538,False,0,NONE
U00593,24,24,5.8369,0.3501,False,0,NONE
U00594,9,9,6.3909,0.7608,False,0,NONE
U00595,6,6,6.2404,0.6492,False,0,NONE
U00596,6,6,5.8586,0.3662,False,0,NONE
U00597,14,14,5.8726,0.3766,False,0,NONE
U00598,9,9,5.8649,0.3709,False,0,NONE
U00599,11,11,5.9977,0.4693,False,0,NONE
U00600,7,7,6.4347,0.7933,False,0,NONE
U00601,7,7,6.0633,0.5179,False,0,NONE
U00602,15,15,5.9218,0.4131,False,0,NONE
U00603,10,10,5.8355,0.3491,False,0,NONE
U00604,9,9,5.7749,0.3042,False,0,NONE
U00605,8,8,5.9161,0.4088,False,0,NONE
U00606,9,9,5.9192,0.4111,False,0,NONE
U00607,16,16,5.8928,0.3916,False,0,NONE
U00608,13,13,5.9413,0.4275,False,0,NONE
U00609,17,17,6.1887,0.6109,False,0,NONE
U00610,19,19,6.0414,0.5017,False,0,NONE
U00611,14,14,5.9451,0.4303,False,0,NONE
U00612,16,16,5.8008,0.3234,False,0,NONE
U00613,6,6,5.8811,0.3829,False,0,NONE
U00614,12,12,6.104,0.5481,False,0,NONE
U00615,2,2,6.4082,0.7736,False,1,RING_001
U00616,20,20,5.9039,0.3998,False,0,NONE
U00617,10,10,5.8881,0.3881,False,0,NONE
U00618,6,6,5.953,0.4362,False,0,NONE
U00619,11,11,6.071,0.5237,False,0,NONE
U00620,11,11,5.9443,0.4297,False,0,NONE
U00621,12,12,5.9305,0.4195,False,0,NONE
U00622,7,7,6.3908,0.7607,False,0,NONE
U00623,8,8,6.0019,0.4724,False,0,NONE
U00624,10,10,6.0497,0.5079,False,0,NONE
U00625,14,14,6.0168,0.4835,False,0,NONE
U00626,5,5,5.9548,0.4375,False,0,NONE
U00627,15,15,6.188,0.6104,False,0,NONE
U00628,7,7,6.0702,0.5231,False,0,NONE
U00629,9,9,6.1339,0.5703,False,0,NONE
U00630,16,16,6.0193,0.4853,False,0,NONE
U00631,11,11,5.9672,0.4467,False,0,NONE
U00632,2,2,6.4082,0.7736,False,1,RING_001
U00633,11,11,5.7447,0.2818,False,0,NONE
U00634,13,13,5.7538,0.2885,False,0,NONE
U00635,7,7,6.0235,0.4884,False,0,NONE
U00636,9,9,5.6372,0.2021,False,0,NONE
U00637,13,13,5.9499,0.4339,False,0,NONE
U00638,13,13,5.9166,0.4092,False,0,NONE
U00639,13,13,6.067,0.5207,False,0,NONE
U00640,9,9,5.9674,0.4469,False,0,NONE
U00641,9,9,6.1895,0.6115,False,0,NONE
U00642,10,10,5.8967,0.3944,False,0,NONE
U00643,6,6,6.0498,0.5079,False,0,NONE
U00644,6,6,6.2805,0.679,False,0,NONE
U00645,10,10,5.7737,0.3033,False,0,NONE
U00646,5,5,5.7329,0.273,False,0,NONE
U00647,9,9,5.9605,0.4417,False,0,NONE
U00648,11,11,6.1576,0.5878,False,0,NONE
U00649,14,14,5.9623,0.4431,False,0,NONE
U00650,17,17,5.9697,0.4486,False,0,NONE
U00651,8,8,6.0268,0.4909,False,0,NONE
U00652,2,2,6.4082,0.7736,False,1,RING_HELDOUT
U00653,12,12,5.9061,0.4014,False,0,NONE
U00654,14,14,6.0651,0.5193,False,0,NONE
U00655,6,6,5.962,0.4429,False,0,NONE
U00656,9,9,5.9871,0.4615,False,0,NONE
U00657,2,2,5.6629,0.2211,False,0,NONE
U00658,6,6,6.4905,0.8346,False,0,NONE
U00659,19,19,5.6815,0.2349,False,0,NONE
U00660,11,11,6.1434,0.5773,False,0,NONE
U00661,11,11,5.809,0.3294,False,0,NONE
U00662,4,4,6.363,0.7401,False,0,NONE
U00663,11,11,6.1266,0.5649,False,0,NONE
U00664,14,14,6.1867,0.6094,False,0,NONE
U00665,6,6,5.6696,0.2261,False,0,NONE
U00666,9,9,5.9566,0.4388,False,0,NONE
U00667,9,9,6.1453,0.5787,False,0,NONE
U00668,13,13,6.2252,0.638,False,0,NONE
U00669,9,9,5.5172,0.1131,False,0,NONE
U00670,10,10,5.7476,0.2839,False,0,NONE
U00671,7,7,6.2083,0.6254,False,0,NONE
U00672,1,1,3.0,0.5,True,1,RING_002
U00673,8,8,5.761,0.2939,False,0,NONE
U00674,9,9,6.0725,0.5248,False,0,NONE
U00675,9,9,5.852,0.3613,False,0,NONE
U00676,12,12,5.9647,0.4449,False,0,NONE
U00677,10,10,5.8435,0.355,False,0,NONE
U00678,14,14,5.9274,0.4172,False,0,NONE
U00679,13,13,5.9083,0.403,False,0,NONE
U00680,10,10,5.8758,0.379,False,0,NONE
U00681,15,15,5.996,0.4681,False,0,NONE
U00682,10,10,6.1179,0.5584,False,0,NONE
U00683,10,10,6.1543,0.5854,False,0,NONE
U00684,2,2,6.4082,0.7736,False,1,RING_HELDOUT
U00685,11,11,5.6116,0.1831,False,0,NONE
U00686,13,13,6.0498,0.5079,False,0,NONE
U00687,12,12,6.1656,0.5938,False,0,NONE
U00688,6,6,5.7292,0.2703,False,0,NONE
U00689,11,11,5.8054,0.3268,False,0,NONE
U00690,14,14,6.1822,0.6061,False,0,NONE
U00691,13,13,5.8626,0.3692,False,0,NONE
U00692,5,5,5.5211,0.116,False,0,NONE
U00693,9,9,5.6971,0.2465,False,0,NONE
U00694,6,6,6.0733,0.5254,False,0,NONE
U00695,15,15,6.143,0.577,False,0,NONE
U00696,7,7,6.1579,0.5881,False,0,NONE
U00697,8,8,6.0528,0.5102,False,0,NONE
U00698,14,14,5.9479,0.4324,False,0,NONE
U00699,6,6,5.7076,0.2543,False,0,NONE
U00700,10,10,5.8246,0.341,False,0,NONE
U00701,11,11,5.7815,0.309,False,0,NONE
U00702,5,5,5.8925,0.3913,False,0,NONE
U00703,8,8,6.047,0.5059,False,0,NONE
U00704,8,8,6.1777,0.6027,False,0,NONE
U00705,4,4,5.798,0.3213,False,0,NONE
U00706,18,18,5.9721,0.4503,False,0,NONE
U00707,5,5,5.4828,0.0876,False,0,NONE
U00708,15,15,6.1204,0.5603,False,0,NONE
U00709,15,15,6.0536,0.5108,False,0,NONE
U00710,9,9,5.8393,0.3519,False,0,NONE
U00711,5,5,5.8561,0.3643,False,0,NONE
U00712,10,10,6.0981,0.5437,False,0,NONE
U00713,7,7,6.0197,0.4856,False,0,NONE
U00714,4,4,5.6973,0.2466,False,0,NONE
U00715,6,6,5.5194,0.1148,False,0,NONE
U00716,10,10,6.0447,0.5042,False,0,NONE
U00717,9,9,5.9838,0.459,False,0,NONE
U00718,25,25,5.8193,0.3371,False,0,NONE
U00719,5,5,5.7567,0.2907,False,0,NONE
U00720,4,4,5.5022,0.102,False,0,NONE
U00721,11,11,5.9777,0.4545,False,0,NONE
U00722,9,9,5.9895,0.4632,False,0,NONE
U00723,4,4,6.659,0.9595,False,0,NONE
U00724,8,8,5.9227,0.4137,False,0,NONE
U00725,10,10,6.0324,0.495,False,0,NONE
U00726,8,8,5.7297,0.2706,False,0,NONE
U00727,11,11,6.0305,0.4936,False,0,NONE
U00728,11,11,5.8869,0.3872,False,0,NONE
U00729,10,10,6.1155,0.5566,False,0,NONE
U00730,7,7,6.3667,0.7429,False,0,NONE
U00731,13,13,6.1764,0.6018,False,0,NONE
U00732,8,8,6.1467,0.5798,False,0,NONE
U00733,11,11,6.1019,0.5466,False,0,NONE
U00734,10,10,5.6419,0.2056,False,0,NONE
U00735,10,10,5.9714,0.4498,False,0,NONE
U00736,9,9,5.9712,0.4497,False,0,NONE
U00737,8,8,5.9805,0.4566,False,0,NONE
U00738,3,3,5.9419,0.428,False,0,NONE
U00739,7,7,6.0838,0.5331,False,0,NONE
U00740,6,6,6.1247,0.5635,False,0,NONE
U00741,10,10,5.9657,0.4456,False,0,NONE
U00742,12,12,6.0483,0.5068,False,0,NONE
U00743,1,1,3.0,0.5,True,1,RING_004
U00744,11,11,5.6772,0.2317,False,0,NONE
U00745,10,10,5.8828,0.3841,False,0,NONE
U00746,16,16,5.9165,0.4091,False,0,NONE
U00747,15,15,6.1451,0.5786,False,0,NONE
U00748,15,15,6.0928,0.5398,False,0,NONE
U00749,11,11,5.9193,0.4112,False,0,NONE
U00750,6,6,6.1495,0.5818,False,0,NONE
U00751,6,6,6.2966,0.6909,False,0,NONE
U00752,9,9,5.8351,0.3488,False,0,NONE
U00753,14,14,5.8854,0.3861,False,0,NONE
U00754,8,8,6.0473,0.5061,False,0,NONE
U00755,12,12,6.1101,0.5526,False,0,NONE
U00756,10,10,5.8929,0.3916,False,0,NONE
U00757,11,11,5.9504,0.4343,False,0,NONE
U00758,12,12,6.1079,0.551,False,0,NONE
U00759,11,11,5.9228,0.4138,False,0,NONE
U00760,8,8,5.8718,0.376,False,0,NONE
U00761,12,12,5.8755,0.3787,False,0,NONE
U00762,10,10,5.6512,0.2125,False,0,NONE
U00763,10,10,5.9947,0.4671,False,0,NONE
U00764,5,5,5.8977,0.3952,False,0,NONE
U00765,5,5,6.2371,0.6468,False,0,NONE
U00766,11,11,5.8955,0.3936,False,0,NONE
U00767,20,20,5.9771,0.454,False,0,NONE
U00768,13,13,5.962,0.4429,False,0,NONE
U00769,9,9,6.3673,0.7433,False,0,NONE
U00770,13,13,6.1538,0.585,False,0,NONE
U00771,19,19,5.9713,0.4497,False,0,NONE
U00772,11,11,5.6695,0.226,False,0,NONE
U00773,9,9,6.1223,0.5617,False,0,NONE
U00774,14,14,6.0888,0.5368,False,0,NONE
U00775,13,13,5.9811,0.457,False,0,NONE
U00776,11,11,6.078,0.5288,False,0,NONE
U00777,10,10,5.8324,0.3468,False,0,NONE
U00778,8,8,6.3738,0.7481,False,0,NONE
U00779,10,10,6.1969,0.617,False,0,NONE
U00780,16,16,5.8631,0.3695,False,0,NONE
U00781,8,8,5.5492,0.1368,False,0,NONE
U00782,7,7,5.9399,0.4265,False,0,NONE
U00783,7,7,5.9713,0.4497,False,0,NONE
U00784,18,18,6.1127,0.5546,False,0,NONE
U00785,9,9,5.3649,0.0002,False,0,NONE
U00786,16,16,6.0487,0.5071,False,0,NONE
U00787,14,14,5.9657,0.4456,False,0,NONE
U00788,4,4,5.6881,0.2398,False,0,NONE
U00789,9,9,5.9669,0.4465,False,0,NONE
U00790,3,3,5.9997,0.4708,False,0,NONE
U00791,12,12,6.0283,0.492,False,0,NONE
U00792,10,10,6.0892,0.5371,False,0,NONE
U00793,11,11,6.1109,0.5532,False,0,NONE
U00794,9,9,6.0608,0.5161,False,0,NONE
U00795,7,7,5.9664,0.4461,False,0,NONE
U00796,10,10,6.2965,0.6908,False,0,NONE
U00797,8,8,5.8672,0.3726,False,0,NONE
U00798,10,10,5.8773,0.3801,False,0,NONE
U00799,17,17,5.9667,0.4463,False,0,NONE
U00800,11,11,6.3587,0.7369,False,0,NONE
U00801,5,5,6.1406,0.5752,False,0,NONE
U00802,9,9,5.8975,0.395,False,0,NONE
U00803,9,9,6.0581,0.5141,False,0,NONE
U00804,14,14,5.8745,0.378,False,0,NONE
U00805,12,12,6.0763,0.5276,False,0,NONE
U00806,10,10,6.3582,0.7366,False,0,NONE
U00807,5,5,5.7783,0.3067,False,0,NONE
U00808,7,7,5.8651,0.371,False,0,NONE
U00809,5,5,5.4757,0.0824,False,0,NONE
U00810,12,12,6.2608,0.6644,False,0,NONE
U00811,21,21,6.2272,0.6394,False,0,NONE
U00812,7,7,5.9296,0.4188,False,0,NONE
U00813,14,14,6.0804,0.5306,False,0,NONE
U00814,8,8,5.965,0.4451,False,0,NONE
U00815,14,14,5.8675,0.3728,False,0,NONE
U00816,8,8,5.875,0.3784,False,0,NONE
U00817,10,10,5.7887,0.3144,False,0,NONE
U00818,9,9,5.8356,0.3492,False,0,NONE
U00819,15,15,5.9478,0.4323,False,0,NONE
U00820,11,11,5.901,0.3976,False,0,NONE
U00821,8,8,6.236,0.646,False,0,NONE
U00822,9,9,5.9875,0.4618,False,0,NONE
U00823,10,10,5.9364,0.4239,False,0,NONE
U00824,11,11,5.7896,0.3151,False,0,NONE
U00825,7,7,5.9163,0.409,False,0,NONE
U00826,7,7,5.8773,0.3801,False,0,NONE
U00827,9,9,6.0418,0.502,False,0,NONE
U00828,10,10,5.8604,0.3675,False,0,NONE
U00829,9,9,5.9392,0.4259,False,0,NONE
U00830,13,13,5.9175,0.4099,False,0,NONE
U00831,11,11,5.9532,0.4363,False,0,NONE
U00832,14,14,5.7799,0.3079,False,0,NONE
U00833,15,15,5.8399,0.3523,False,0,NONE
U00834,2,2,6.9789,1.0,False,1,RING_002
U00835,7,7,6.0584,0.5143,False,0,NONE
U00836,6,6,5.9386,0.4255,False,0,NONE
U00837,21,21,5.8935,0.3921,False,0,NONE
U00838,5,5,6.2728,0.6732,False,0,NONE
U00839,7,7,5.9605,0.4417,False,0,NONE
U00840,16,16,6.0205,0.4862,False,0,NONE
U00841,7,7,5.7508,0.2863,False,0,NONE
U00842,9,9,6.3794,0.7523,False,0,NONE
U00843,11,11,6.2034,0.6218,False,0,NONE
U00844,8,8,6.1612,0.5905,False,0,NONE
U00845,12,12,5.7045,0.252,False,0,NONE
U00846,7,7,5.8863,0.3867,False,0,NONE
U00847,9,9,6.1397,0.5746,False,0,NONE
U00848,11,11,6.2782,0.6772,False,0,NONE
U00849,10,10,6.1236,0.5626,False,0,NONE
U00850,9,9,6.0368,0.4983,False,0,NONE
U00851,10,10,5.7884,0.3142,False,0,NONE
U00852,17,17,6.0183,0.4846,False,0,NONE
U00853,12,12,6.2009,0.6199,False,0,NONE
U00854,7,7,6.1701,0.5971,False,0,NONE
U00855,4,4,6.1944,0.6151,False,0,NONE
U00856,7,7,6.4848,0.8304,False,0,NONE
U00857,8,8,6.1107,0.5531,False,0,NONE
U00858,9,9,6.0433,0.5031,False,0,NONE
U00859,10,10,5.8115,0.3313,False,0,NONE
U00860,16,16,5.983,0.4584,False,0,NONE
U00861,8,8,6.0213,0.4868,False,0,NONE
U00862,10,10,5.7081,0.2546,False,0,NONE
U00863,13,13,5.7828,0.31,False,0,NONE
U00864,17,17,6.2413,0.6499,False,0,NONE
U00865,16,16,5.8416,0.3536,False,0,NONE
U00866,10,10,6.3726,0.7472,False,0,NONE
U00867,17,17,5.7251,0.2672,False,0,NONE
U00868,7,7,5.7595,0.2927,False,0,NONE
U00869,6,6,6.2153,0.6306,False,0,NONE
U00870,14,14,5.7037,0.2514,False,0,NONE
U00871,6,6,5.7997,0.3225,False,0,NONE
U00872,12,12,5.786,0.3124,False,0,NONE
U00873,12,12,6.13,0.5674,False,0,NONE
U00874,8,8,6.1263,0.5646,False,0,NONE
U00875,19,19,6.1397,0.5746,False,0,NONE
U00876,12,12,6.1788,0.6036,False,0,NONE
U00877,13,13,6.2025,0.6211,False,0,NONE
U00878,12,12,6.0852,0.5342,False,0,NONE
U00879,6,6,6.4642,0.8151,False,0,NONE
U00880,7,7,5.6798,0.2337,False,0,NONE
U00881,15,15,6.0381,0.4993,False,0,NONE
U00882,7,7,5.7436,0.281,False,0,NONE
U00883,6,6,6.0918,0.5391,False,0,NONE
U00884,9,9,5.6051,0.1783,False,0,NONE
U00885,16,16,6.2831,0.6809,False,0,NONE
U00886,14,14,5.7887,0.3144,False,0,NONE
U00887,11,11,6.0351,0.497,False,0,NONE
U00888,9,9,5.9928,0.4657,False,0,NONE
U00889,7,7,5.7282,0.2695,False,0,NONE
U00890,12,12,5.9372,0.4245,False,0,NONE
U00891,12,12,6.0654,0.5195,False,0,NONE
U00892,8,8,5.8225,0.3394,False,0,NONE
U00893,10,10,6.0204,0.4861,False,0,NONE
U00894,12,12,5.7179,0.2619,False,0,NONE
U00895,13,13,5.8412,0.3533,False,0,NONE
U00896,6,6,6.0187,0.4849,False,0,NONE
U00897,6,6,5.9178,0.4101,False,0,NONE
U00898,8,8,5.7123,0.2577,False,0,NONE
U00899,14,14,6.0434,0.5032,False,0,NONE
U00900,8,8,5.9673,0.4468,False,0,NONE
U00901,8,8,5.9506,0.4344,False,0,NONE
U00902,12,12,5.8063,0.3274,False,0,NONE
U00903,8,8,5.8614,0.3683,False,0,NONE
U00904,12,12,5.8393,0.3519,False,0,NONE
U00905,10,10,5.8692,0.3741,False,0,NONE
U00906,5,5,6.5417,0.8726,False,0,NONE
U00907,10,10,5.886,0.3865,False,0,NONE
U00908,16,16,5.9554,0.438,False,0,NONE
U00909,15,15,5.9847,0.4597,False,0,NONE
U00910,11,11,6.0964,0.5425,False,0,NONE
U00911,17,17,6.0918,0.5391,False,0,NONE
U00912,9,9,5.7539,0.2886,False,0,NONE
U00913,8,8,5.9329,0.4213,False,0,NONE
U00914,16,16,6.0254,0.4898,False,0,NONE
U00915,6,6,5.4063,0.0309,False,0,NONE
U00916,6,6,6.0331,0.4956,False,0,NONE
U00917,6,6,6.1568,0.5873,False,0,NONE
U00918,5,5,6.536,0.8684,False,0,NONE
U00919,10,10,5.7509,0.2864,False,0,NONE
U00920,11,11,6.0956,0.5419,False,0,NONE
U00921,8,8,6.0533,0.5105,False,0,NONE
U00922,8,8,5.9519,0.4354,False,0,NONE
U00923,8,8,6.1217,0.5612,False,0,NONE
U00924,8,8,6.0076,0.4767,False,0,NONE
U00925,17,17,5.8566,0.3647,False,0,NONE
U00926,8,8,6.1411,0.5756,False,0,NONE
U00927,5,5,5.6326,0.1987,False,0,NONE
U00928,7,7,6.0742,0.526,False,0,NONE
U00929,10,10,5.9459,0.4309,False,0,NONE
U00930,4,4,5.9466,0.4314,False,0,NONE
U00931,4,4,5.761,0.2939,False,0,NONE
U00932,13,13,5.6871,0.2391,False,0,NONE
U00933,9,9,5.877,0.3798,False,0,NONE
U00934,8,8,5.6791,0.2331,False,0,NONE
U00935,9,9,5.9029,0.399,False,0,NONE
U00936,8,8,5.7557,0.2899,False,0,NONE
U00937,18,18,6.0961,0.5423,False,0,NONE
U00938,7,7,5.6967,0.2462,False,0,NONE
U00939,13,13,5.9406,0.427,False,0,NONE
U00940,6,6,6.0505,0.5085,False,0,NONE
U00941,19,19,5.8973,0.3949,False,0,NONE
U00942,9,9,6.0729,0.5251,False,0,NONE
U00943,9,9,6.3691,0.7446,False,0,NONE
U00944,11,11,6.1352,0.5712,False,0,NONE
U00945,11,11,5.8388,0.3515,False,0,NONE
U00946,11,11,5.9693,0.4483,False,0,NONE
U00947,7,7,5.7288,0.27,False,0,NONE
U00948,8,8,5.4744,0.0814,False,0,NONE
U00949,9,9,5.8625,0.3691,False,0,NONE
U00950,14,14,6.0895,0.5374,False,0,NONE
U00951,15,15,6.1575,0.5878,False,0,NONE
U00952,13,13,5.8768,0.3797,False,0,NONE
U00953,9,9,6.2053,0.6232,False,0,NONE
U00954,12,12,5.8593,0.3667,False,0,NONE
U00955,13,13,6.2045,0.6226,False,0,NONE
U00956,9,9,6.0661,0.52,False,0,NONE
U00957,10,10,5.6857,0.238,False,0,NONE
U00958,13,13,6.1099,0.5525,False,0,NONE
U00959,15,15,5.986,0.4606,False,0,NONE
U00960,13,13,5.999,0.4703,False,0,NONE
U00961,13,13,5.842,0.3539,False,0,NONE
U00962,10,10,5.8335,0.3476,False,0,NONE
U00963,3,3,6.5047,0.8452,False,0,NONE
U00964,10,10,5.9706,0.4492,False,0,NONE
U00965,14,14,5.858,0.3658,False,0,NONE
U00966,10,10,5.9723,0.4505,False,0,NONE
U00967,11,11,5.8953,0.3934,False,0,NONE
U00968,13,13,5.8837,0.3848,False,0,NONE
U00969,10,10,6.1268,0.565,False,0,NONE
U00970,7,7,6.5019,0.8431,False,0,NONE
U00971,16,16,5.8777,0.3804,False,0,NONE
U00972,8,8,6.2002,0.6194,False,0,NONE
U00973,7,7,6.1637,0.5924,False,0,NONE
U00974,9,9,6.4993,0.8411,False,0,NONE
U00975,7,7,6.033,0.4955,False,0,NONE
U00976,7,7,5.6522,0.2132,False,0,NONE
U00977,10,10,5.9579,0.4398,False,0,NONE
U00978,13,13,5.9894,0.4632,False,0,NONE
U00979,9,9,6.0162,0.483,False,0,NONE
U00980,3,3,6.4943,0.8374,False,0,NONE
U00981,8,8,6.0803,0.5305,False,0,NONE
U00982,12,12,5.8602,0.3674,False,0,NONE
U00983,6,6,5.4151,0.0374,False,0,NONE
U00984,9,9,6.1024,0.5469,False,0,NONE
U00985,8,8,6.0122,0.4801,False,0,NONE
U00986,14,14,6.0791,0.5297,False,0,NONE
U00987,13,13,6.0197,0.4856,False,0,NONE
U00988,16,16,6.081,0.5311,False,0,NONE
U00989,6,6,6.2576,0.662,False,0,NONE
U00990,8,8,6.0721,0.5245,False,0,NONE
U00991,13,13,5.7482,0.2844,False,0,NONE
U00992,10,10,6.0524,0.5099,False,0,NONE
U00993,7,7,6.0505,0.5085,False,0,NONE
U00994,11,11,5.9201,0.4118,False,0,NONE
U00995,9,9,6.3972,0.7655,False,0,NONE
U00996,7,7,6.114,0.5555,False,0,NONE
U00997,14,14,5.9876,0.4618,False,0,NONE
U00998,15,15,5.8635,0.3698,False,0,NONE
U00999,11,11,6.0172,0.4838,False,0,NONE
U01000,15,15,6.0346,0.4967,False,0,NONE
U01001,13,13,6.148,0.5807,False,0,NONE
U01002,11,11,5.7103,0.2563,False,0,NONE
U01003,11,11,5.9231,0.414,False,0,NONE
U01004,4,4,6.3633,0.7403,False,0,NONE
U01005,11,11,6.0263,0.4905,False,0,NONE
U01006,5,5,5.5008,0.101,False,0,NONE
U01007,11,11,5.8411,0.3532,False,0,NONE
U01008,7,7,5.8701,0.3747,False,0,NONE
U01009,7,7,6.3089,0.7,False,0,NONE
U01010,17,17,5.7467,0.2832,False,0,NONE
U01011,6,6,6.2056,0.6234,False,0,NONE
U01012,14,14,6.1056,0.5493,False,0,NONE
U01013,9,9,5.5865,0.1645,False,0,NONE
U01014,13,13,6.0655,0.5196,False,0,NONE
U01015,11,11,6.1534,0.5847,False,0,NONE
U01016,9,9,6.3645,0.7412,False,0,NONE
U01017,8,8,6.0167,0.4834,False,0,NONE
U01018,8,8,6.5181,0.8551,False,0,NONE
U01019,6,6,5.9386,0.4255,False,0,NONE
U01020,11,11,6.5296,0.8636,False,0,NONE
U01021,2,2,6.9789,1.0,False,1,RING_001
U01022,6,6,5.9365,0.4239,False,0,NONE
U01023,8,8,5.7257,0.2677,False,0,NONE
U01024,10,10,6.1004,0.5454,False,0,NONE
U01025,10,10,6.1949,0.6155,False,0,NONE
U01026,7,7,5.7545,0.289,False,0,NONE
U01027,9,9,5.9681,0.4474,False,0,NONE
U01028,11,11,5.7686,0.2995,False,0,NONE
U01029,13,13,5.9031,0.3992,False,0,NONE
U01030,14,14,6.1774,0.6025,False,0,NONE
U01031,9,9,5.7893,0.3148,False,0,NONE
U01032,3,3,5.192,0.0,False,0,NONE
U01033,13,13,5.9455,0.4306,False,0,NONE
U01034,11,11,5.7495,0.2853,False,0,NONE
U01035,8,8,5.8696,0.3744,False,0,NONE
U01036,16,16,6.0904,0.538,False,0,NONE
U01037,11,11,6.0952,0.5416,False,0,NONE
U01038,19,19,5.7978,0.3211,False,0,NONE
U01039,5,5,5.9336,0.4218,False,0,NONE
U01040,8,8,5.9016,0.3981,False,0,NONE
U01041,10,10,5.9942,0.4667,False,0,NONE
U01042,10,10,6.1599,0.5896,False,0,NONE
U01043,6,6,5.8168,0.3352,False,0,NONE
U01044,11,11,5.9117,0.4056,False,0,NONE
U01045,14,14,5.8823,0.3838,False,0,NONE
U01046,7,7,6.0091,0.4778,False,0,NONE
U01047,10,10,6.1761,0.6016,False,0,NONE
U01048,13,13,5.965,0.4451,False,0,NONE
U01049,7,7,6.231,0.6423,False,0,NONE
U01050,12,12,5.7798,0.3078,False,0,NONE
U01051,8,8,5.5135,0.1104,False,0,NONE
U01052,10,10,6.1372,0.5727,False,0,NONE
U01053,6,6,5.9673,0.4468,False,0,NONE
U01054,8,8,5.6804,0.2341,False,0,NONE
U01055,16,16,5.6755,0.2305,False,0,NONE
U01056,15,15,5.9921,0.4652,False,0,NONE
U01057,7,7,6.1552,0.5861,False,0,NONE
U01058,8,8,6.175,0.6007,False,0,NONE
U01059,9,9,6.2044,0.6225,False,0,NONE
U01060,5,5,5.885,0.3858,False,0,NONE
U01061,9,9,5.7815,0.309,False,0,NONE
U01062,12,12,5.8211,0.3384,False,0,NONE
U01063,10,10,6.0452,0.5045,False,0,NONE
U01064,8,8,5.7918,0.3167,False,0,NONE
U01065,14,14,6.0297,0.493,False,0,NONE
U01066,13,13,6.1038,0.548,False,0,NONE
U01067,6,6,5.9854,0.4602,False,0,NONE
U01068,17,17,5.8932,0.3918,False,0,NONE
U01069,8,8,6.3359,0.72,False,0,NONE
U01070,10,10,5.9893,0.4631,False,0,NONE
U01071,5,5,6.1516,0.5834,False,0,NONE
U01072,10,10,6.0379,0.4991,False,0,NONE
U01073,9,9,5.8697,0.3744,False,0,NONE
U01074,18,18,5.9806,0.4566,False,0,NONE
U01075,7,7,5.9544,0.4372,False,0,NONE
U01076,1,1,3.0,0.5,True,1,RING_003
U01077,12,12,5.9563,0.4386,False,0,NONE
U01078,10,10,5.7936,0.318,False,0,NONE
U01079,7,7,5.7714,0.3016,False,0,NONE
U01080,7,7,6.1411,0.5756,False,0,NONE
U01081,8,8,6.3051,0.6972,False,0,NONE
U01082,11,11,6.0629,0.5176,False,0,NONE
U01083,10,10,6.1007,0.5457,False,0,NONE
U01084,14,14,5.6809,0.2345,False,0,NONE
U01085,10,10,5.6139,0.1848,False,0,NONE
U01086,9,9,6.4344,0.793,False,0,NONE
U01087,8,8,6.0485,0.507,False,0,NONE
U01088,13,13,6.0421,0.5022,False,0,NONE
U01089,7,7,5.7924,0.3171,False,0,NONE
U01090,12,12,5.9087,0.4033,False,0,NONE
U01091,7,7,6.1444,0.5781,False,0,NONE
U01092,8,8,6.1135,0.5552,False,0,NONE
U01093,13,13,5.8359,0.3494,False,0,NONE
U01094,14,14,5.9023,0.3986,False,0,NONE
U01095,9,9,5.9487,0.433,False,0,NONE
U01096,11,11,6.0552,0.5119,False,0,NONE
U01097,3,3,6.2865,0.6834,False,0,NONE
U01098,12,12,6.3575,0.736,False,0,NONE
U01099,9,9,5.942,0.428,False,0,NONE
U01100,11,11,5.8028,0.3248,False,0,NONE
U01101,11,11,5.8225,0.3394,False,0,NONE
U01102,15,15,5.9118,0.4056,False,0,NONE
U01103,12,12,5.8712,0.3755,False,0,NONE
U01104,6,6,6.1085,0.5515,False,0,NONE
U01105,11,11,5.9961,0.4681,False,0,NONE
U01106,7,7,6.0122,0.4801,False,0,NONE
U01107,11,11,6.2392,0.6483,False,0,NONE
U01108,8,8,6.1363,0.5721,False,0,NONE
U01109,10,10,5.8467,0.3574,False,0,NONE
U01110,12,12,6.0474,0.5062,False,0,NONE
U01111,7,7,5.9488,0.4331,False,0,NONE
U01112,7,7,6.1255,0.5641,False,0,NONE
U01113,7,7,6.1138,0.5554,False,0,NONE
U01114,11,11,5.79,0.3153,False,0,NONE
U01115,2,2,5.1749,0.0,False,0,NONE
U01116,11,11,5.8642,0.3704,False,0,NONE
U01117,11,11,6.1633,0.5921,False,0,NONE
U01118,16,16,6.0319,0.4947,False,0,NONE
U01119,13,13,5.7418,0.2796,False,0,NONE
U01120,16,16,5.9514,0.435,False,0,NONE
U01121,6,6,5.9928,0.4657,False,0,NONE
U01122,10,10,5.7538,0.2885,False,0,NONE
U01123,10,10,6.1161,0.5571,False,0,NONE
U01124,8,8,5.9373,0.4245,False,0,NONE
U01125,7,7,5.9984,0.4698,False,0,NONE
U01126,10,10,6.3705,0.7457,False,0,NONE
U01127,14,14,6.1522,0.5838,False,0,NONE
U01128,7,7,5.9409,0.4272,False,0,NONE
U01129,6,6,5.8853,0.386,False,0,NONE
U01130,9,9,5.8453,0.3563,False,0,NONE
U01131,9,9,6.245,0.6526,False,0,NONE
U01132,10,10,6.0893,0.5372,False,0,NONE
U01133,7,7,5.9108,0.4049,False,0,NONE
U01134,6,6,5.8914,0.3905,False,0,NONE
U01135,4,4,6.1338,0.5702,False,0,NONE
U01136,15,15,5.8328,0.3471,False,0,NONE
U01137,13,13,6.0533,0.5105,False,0,NONE
U01138,9,9,5.9194,0.4113,False,0,NONE
U01139,7,7,6.0396,0.5004,False,0,NONE
U01140,16,16,6.291,0.6867,False,0,NONE
U01141,6,6,5.5716,0.1534,False,0,NONE
U01142,6,6,6.1296,0.5671,False,0,NONE
U01143,7,7,6.1042,0.5483,False,0,NONE
U01144,13,13,5.9995,0.4706,False,0,NONE
U01145,11,11,6.0635,0.5181,False,0,NONE
U01146,12,12,6.0101,0.4785,False,0,NONE
U01147,5,5,6.1432,0.5772,False,0,NONE
U01148,6,6,5.6263,0.194,False,0,NONE
U01149,10,10,6.2255,0.6382,False,0,NONE
U01150,12,12,5.9832,0.4586,False,0,NONE
U01151,11,11,5.7146,0.2595,False,0,NONE
U01152,6,6,5.7469,0.2834,False,0,NONE
U01153,4,4,5.6815,0.2349,False,0,NONE
U01154,16,16,5.7432,0.2807,False,0,NONE
U01155,10,10,5.92,0.4117,False,0,NONE
U01156,9,9,6.3542,0.7336,False,0,NONE
U01157,10,10,6.0753,0.5268,False,0,NONE
U01158,13,13,5.8737,0.3774,False,0,NONE
U01159,3,3,5.3903,0.0191,False,0,NONE
U01160,7,7,6.4941,0.8373,False,0,NONE
U01161,13,13,6.1226,0.5619,False,0,NONE
U01162,10,10,6.133,0.5696,False,0,NONE
U01163,11,11,6.0767,0.5279,False,0,NONE
U01164,8,8,6.187,0.6096,False,0,NONE
U01165,11,11,6.3765,0.7501,False,0,NONE
U01166,13,13,6.0994,0.5447,False,0,NONE
U01167,4,4,6.0395,0.5003,False,0,NONE
U01168,8,8,6.2546,0.6598,False,0,NONE
U01169,9,9,5.8858,0.3864,False,0,NONE
U01170,9,9,6.2138,0.6295,False,0,NONE
U01171,13,13,5.9647,0.4449,False,0,NONE
U01172,13,13,5.9372,0.4245,False,0,NONE
U01173,8,8,5.9385,0.4254,False,0,NONE
U01174,8,8,6.0342,0.4964,False,0,NONE
U01175,10,10,6.0503,0.5083,False,0,NONE
U01176,12,12,5.9925,0.4655,False,0,NONE
U01177,8,8,5.8642,0.3704,False,0,NONE
U01178,16,16,6.1152,0.5564,False,0,NONE
U01179,9,9,6.3681,0.7439,False,0,NONE
U01180,17,17,5.9445,0.4299,False,0,NONE
U01181,13,13,6.0399,0.5006,False,0,NONE
U01182,8,8,6.2162,0.6313,False,0,NONE
U01183,30,30,5.9532,0.4363,False,0,NONE
U01184,9,9,6.1611,0.5904,False,0,NONE
U01185,14,14,6.1302,0.5675,False,0,NONE
U01186,7,7,5.8965,0.3943,False,0,NONE
U01187,11,11,5.9329,0.4213,False,0,NONE
U01188,11,11,5.6817,0.2351,False,0,NONE
U01189,11,11,5.9237,0.4145,False,0,NONE
U01190,15,15,6.0469,0.5058,False,0,NONE
U01191,6,6,6.4582,0.8107,False,0,NONE
U01192,5,5,5.8763,0.3793,False,0,NONE
U01193,11,11,5.9973,0.469,False,0,NONE
U01194,16,16,6.1876,0.6101,False,0,NONE
U01195,13,13,6.0098,0.4783,False,0,NONE
U01196,16,16,5.751,0.2864,False,0,NONE
U01197,5,5,5.8711,0.3755,False,0,NONE
U01198,10,10,5.7294,0.2704,False,0,NONE
U01199,8,8,6.1238,0.5628,False,0,NONE
U01200,14,14,6.1887,0.6109,False,0,NONE
U01201,13,13,5.8516,0.361,False,0,NONE
U01202,15,15,6.0552,0.5119,False,0,NONE
U01203,10,10,6.0304,0.4936,False,0,NONE
U01204,25,25,5.907,0.4021,False,0,NONE
U01205,14,14,6.1111,0.5534,False,0,NONE
U01206,12,12,5.98,0.4562,False,0,NONE
U01207,3,3,5.9631,0.4437,False,0,NONE
U01208,11,11,5.8365,0.3498,False,0,NONE
U01209,5,5,5.9098,0.4042,False,0,NONE
U01210,10,10,5.7902,0.3155,False,0,NONE
U01211,15,15,6.1528,0.5843,False,0,NONE
U01212,10,10,5.9724,0.4506,False,0,NONE
U01213,10,10,6.2499,0.6563,False,0,NONE
U01214,6,6,5.8172,0.3355,False,0,NONE
U01215,9,9,6.3466,0.728,False,0,NONE
U01216,7,7,5.7216,0.2646,False,0,NONE
U01217,5,5,6.2553,0.6603,False,0,NONE
U01218,8,8,6.1697,0.5968,False,0,NONE
U01219,9,9,6.0637,0.5182,False,0,NONE
U01220,10,10,5.8637,0.37,False,0,NONE
U01221,15,15,5.8011,0.3236,False,0,NONE
U01222,12,12,6.2147,0.6302,False,0,NONE
U01223,9,9,6.3952,0.764,False,0,NONE
U01224,8,8,6.2004,0.6196,False,0,NONE
U01225,12,12,6.0382,0.4993,False,0,NONE
U01226,11,11,6.3874,0.7582,False,0,NONE
U01227,11,11,6.0153,0.4824,False,0,NONE
U01228,1,1,3.0,0.5,True,1,RING_004
U01229,14,14,5.7758,0.3048,False,0,NONE
U01230,9,9,6.0965,0.5426,False,0,NONE
U01231,14,14,5.6668,0.224,False,0,NONE
U01232,8,8,5.8326,0.3469,False,0,NONE
U01233,14,14,5.9142,0.4074,False,0,NONE
U01234,9,9,5.6968,0.2463,False,0,NONE
U01235,6,6,5.7042,0.2517,False,1,RING_004
U01236,7,7,6.1189,0.5592,False,0,NONE
U01237,10,10,6.1017,0.5464,False,0,NONE
U01238,11,11,6.0445,0.504,False,0,NONE
U01239,15,15,6.0085,0.4773,False,0,NONE
U01240,9,9,5.7262,0.2681,False,0,NONE
U01241,4,4,6.095,0.5414,False,0,NONE
U01242,4,4,6.7074,0.9954,False,0,NONE
U01243,14,14,6.0861,0.5348,False,0,NONE
U01244,16,16,6.0916,0.5389,False,0,NONE
U01245,7,7,5.7559,0.2901,False,0,NONE
U01246,19,19,5.7497,0.2855,False,0,NONE
U01247,7,7,6.1311,0.5682,False,0,NONE
U01248,4,4,5.803,0.325,False,0,NONE
U01249,11,11,5.9588,0.4405,False,0,NONE
U01250,10,10,5.8094,0.3297,False,0,NONE
U01251,16,16,5.8724,0.3764,False,0,NONE
U01252,10,10,6.1766,0.6019,False,0,NONE
U01253,12,12,5.9757,0.453,False,0,NONE
U01254,7,7,6.117,0.5578,False,0,NONE
U01255,13,13,5.9003,0.3971,False,0,NONE
U01256,3,3,6.6925,0.9844,False,0,NONE
U01257,5,5,6.0918,0.5391,False,0,NONE
U01258,8,8,5.8019,0.3242,False,0,NONE
U01259,13,13,6.1973,0.6173,False,0,NONE
U01260,9,9,5.8344,0.3483,False,0,NONE
U01261,8,8,5.8271,0.3428,False,0,NONE
U01262,6,6,6.3439,0.726,False,0,NONE
U01263,10,10,5.8777,0.3804,False,0,NONE
U01264,5,5,6.0682,0.5216,False,0,NONE
U01265,12,12,6.0337,0.496,False,0,NONE
U01266,5,5,6.7582,1.0,False,0,NONE
U01267,13,13,5.8444,0.3557,False,0,NONE
U01268,9,9,6.3126,0.7027,False,0,NONE
U01269,14,14,6.0045,0.4744,False,0,NONE
U01270,9,9,5.7234,0.266,False,0,NONE
U01271,13,13,5.9855,0.4603,False,0,NONE
U01272,10,10,5.9675,0.4469,False,0,NONE
U01273,12,12,6.0717,0.5242,False,0,NONE
U01274,8,8,5.6654,0.223,False,0,NONE
U01275,7,7,5.6576,0.2172,False,0,NONE
U01276,15,15,5.6897,0.241,False,0,NONE
U01277,14,14,5.8781,0.3807,False,0,NONE
U01278,5,5,6.1076,0.5508,False,0,NONE
U01279,10,10,6.2899,0.6859,False,0,NONE
U01280,18,18,6.0981,0.5437,False,0,NONE
U01281,8,8,6.1321,0.5689,False,0,NONE
U01282,3,3,5.4806,0.086,False,0,NONE
U01283,12,12,6.0437,0.5034,False,0,NONE
U01284,7,7,6.0282,0.4919,False,0,NONE
U01285,8,8,5.9624,0.4431,False,0,NONE
U01286,10,10,6.1373,0.5728,False,0,NONE
U01287,11,11,6.0367,0.4982,False,0,NONE
U01288,9,9,5.6946,0.2446,False,0,NONE
U01289,9,9,5.7848,0.3115,False,0,NONE
U01290,4,4,5.98,0.4562,False,0,NONE
U01291,25,25,5.9433,0.429,False,0,NONE
U01292,11,11,5.6854,0.2378,False,0,NONE
U01293,9,9,5.6807,0.2343,False,0,NONE
U01294,9,9,6.109,0.5518,False,0,NONE
U01295,13,13,6.1931,0.6142,False,0,NONE
U01296,10,10,5.9355,0.4232,False,0,NONE
U01297,17,17,6.1195,0.5596,False,0,NONE
U01298,8,8,5.9103,0.4045,False,0,NONE
U01299,14,14,5.7275,0.269,False,0,NONE
U01300,12,12,5.748,0.2842,False,0,NONE
U01301,15,15,5.8819,0.3835,False,0,NONE
U01302,9,9,5.9635,0.444,False,0,NONE
U01303,10,10,6.2502,0.6565,False,0,NONE
U01304,6,6,6.1382,0.5735,False,0,NONE
U01305,6,6,5.9976,0.4692,False,0,NONE
U01306,4,4,6.5521,0.8803,False,0,NONE
U01307,6,6,5.8221,0.3391,False,0,NONE
U01308,6,6,5.7953,0.3193,False,0,NONE
U01309,10,10,5.9124,0.4061,False,0,NONE
U01310,13,13,6.3158,0.7051,False,0,NONE
U01311,4,4,5.9466,0.4314,False,0,NONE
U01312,21,21,5.9064,0.4016,False,0,NONE
U01313,7,7,5.9436,0.4292,False,0,NONE
U01314,8,8,6.1326,0.5693,False,0,NONE
U01315,8,8,5.979,0.4555,False,0,NONE
U01316,10,10,5.7905,0.3157,False,0,NONE
U01317,9,9,6.0994,0.5447,False,0,NONE
U01318,2,2,6.4082,0.7736,False,0,NONE
U01319,14,14,6.0046,0.4744,False,0,NONE
U01320,5,5,5.8959,0.3939,False,0,NONE
U01321,8,8,5.9747,0.4523,False,0,NONE
U01322,11,11,6.0027,0.473,False,0,NONE
U01323,9,9,5.9042,0.4,False,0,NONE
U01324,8,8,6.0012,0.4719,False,0,NONE
U01325,9,9,5.798,0.3213,False,0,NONE
U01326,8,8,6.2177,0.6324,False,0,NONE
U01327,10,10,6.1664,0.5944,False,0,NONE
U01328,11,11,5.8219,0.339,False,0,NONE
U01329,22,22,5.9592,0.4408,False,0,NONE
U01330,11,11,6.2401,0.649,False,0,NONE
U01331,8,8,6.1695,0.5967,False,0,NONE
U01332,6,6,5.9992,0.4704,False,0,NONE
U01333,16,16,5.7577,0.2914,False,0,NONE
U01334,5,5,6.1704,0.5973,False,0,NONE
U01335,8,8,5.7699,0.3004,False,0,NONE
U01336,8,8,5.9142,0.4074,False,0,NONE
U01337,10,10,6.006,0.4755,False,0,NONE
U01338,13,13,5.9794,0.4557,False,0,NONE
U01339,9,9,6.3347,0.7191,False,0,NONE
U01340,7,7,5.9869,0.4613,False,0,NONE
U01341,8,8,6.1238,0.5628,False,0,NONE
U01342,14,14,5.9923,0.4653,False,0,NONE
U01343,12,12,5.8464,0.3572,False,0,NONE
U01344,7,7,6.2548,0.6599,False,0,NONE
U01345,11,11,5.7535,0.2883,False,0,NONE
U01346,7,7,5.8014,0.3238,False,0,NONE
U01347,7,7,5.702,0.2501,False,0,NONE
U01348,11,11,5.8042,0.3259,False,0,NONE
U01349,8,8,5.7697,0.3003,False,0,NONE
U01350,8,8,5.9641,0.4444,False,0,NONE
U01351,8,8,5.9379,0.425,False,0,NONE
U01352,15,15,5.6729,0.2285,False,0,NONE
U01353,8,8,5.6583,0.2177,False,0,NONE
U01354,8,8,6.3494,0.73,False,0,NONE
U01355,9,9,6.0268,0.4909,False,0,NONE
U01356,11,11,6.0521,0.5096,False,0,NONE
U01357,13,13,5.8849,0.3857,False,0,NONE
U01358,13,13,5.8262,0.3422,False,0,NONE
U01359,10,10,6.4759,0.8238,False,0,NONE
U01360,8,8,5.8047,0.3262,False,0,NONE
U01361,6,6,5.817,0.3354,False,0,NONE
U01362,7,7,5.5876,0.1653,False,0,NONE
U01363,9,9,6.1256,0.5641,False,0,NONE
U01364,13,13,6.1014,0.5462,False,0,NONE
U01365,3,3,6.2401,0.649,False,0,NONE
U01366,6,6,6.0338,0.4961,False,0,NONE
U01367,11,11,5.9496,0.4337,False,0,NONE
U01368,16,16,5.8839,0.385,False,0,NONE
U01369,9,9,5.9427,0.4285,False,0,NONE
U01370,11,11,6.0133,0.4809,False,0,NONE
U01371,13,13,5.9142,0.4074,False,0,NONE
U01372,8,8,5.8255,0.3417,False,0,NONE
U01373,9,9,5.6338,0.1996,False,0,NONE
U01374,7,7,6.1949,0.6155,False,0,NONE
U01375,8,8,6.1366,0.5723,False,0,NONE
U01376,4,4,5.4635,0.0733,False,0,NONE
U01377,13,13,5.9866,0.4611,False,0,NONE
U01378,6,6,6.0214,0.4869,False,0,NONE
U01379,9,9,6.2084,0.6255,False,0,NONE
U01380,9,9,6.1107,0.5531,False,0,NONE
U01381,21,21,5.6248,0.1929,False,0,NONE
U01382,8,8,5.9795,0.4558,False,0,NONE
U01383,14,14,6.2242,0.6372,False,0,NONE
U01384,8,8,5.8015,0.3239,False,0,NONE
U01385,6,6,6.334,0.7186,False,0,NONE
U01386,3,3,6.2641,0.6668,False,0,NONE
U01387,2,2,6.4082,0.7736,False,0,NONE
U01388,5,5,5.8493,0.3593,False,0,NONE
U01389,5,5,6.5492,0.8781,False,0,NONE
U01390,15,15,5.7535,0.2883,False,0,NONE
U01391,15,15,5.6896,0.2409,False,0,NONE
U01392,6,6,5.8141,0.3332,False,0,NONE
U01393,7,7,6.2548,0.6599,False,0,NONE
U01394,14,14,5.6753,0.2303,False,0,NONE
U01395,7,7,6.292,0.6875,False,0,NONE
U01396,6,6,6.5946,0.9118,False,0,NONE
U01397,15,15,5.8998,0.3967,False,0,NONE
U01398,14,14,5.7259,0.2678,False,0,NONE
U01399,12,12,5.8887,0.3885,False,0,NONE
U01400,8,8,5.7584,0.2919,False,0,NONE
U01401,10,10,6.31,0.7008,False,0,NONE
U01402,18,18,5.9485,0.4328,False,0,NONE
U01403,14,14,5.9869,0.4613,False,0,NONE
U01404,7,7,6.1539,0.5851,False,0,NONE
U01405,10,10,5.9425,0.4284,False,0,NONE
U01406,6,6,6.305,0.6971,False,0,NONE
U01407,5,5,6.0013,0.472,False,0,NONE
U01408,9,9,6.0609,0.5162,False,0,NONE
U01409,7,7,5.9653,0.4453,False,0,NONE
U01410,10,10,5.9808,0.4568,False,0,NONE
U01411,13,13,5.8696,0.3744,False,0,NONE
U01412,12,12,6.1972,0.6172,False,0,NONE
U01413,7,7,5.7987,0.3218,False,0,NONE
U01414,6,6,5.7294,0.2704,False,0,NONE
U01415,10,10,6.1539,0.5851,False,0,NONE
U01416,8,8,6.5019,0.8431,False,0,NONE
U01417,15,15,6.0883,0.5365,False,0,NONE
U01418,21,21,5.9143,0.4075,False,0,NONE
U01419,5,5,5.9701,0.4489,False,0,NONE
U01420,9,9,6.1064,0.5499,False,0,NONE
U01421,11,11,6.0766,0.5278,False,0,NONE
U01422,7,7,5.628,0.1953,False,0,NONE
U01423,8,8,5.5597,0.1446,False,0,NONE
U01424,13,13,5.9391,0.4259,False,0,NONE
U01425,7,7,6.1705,0.5974,False,0,NONE
U01426,6,6,6.5021,0.8432,False,0,NONE
U01427,13,13,6.1094,0.5521,False,0,NONE
U01428,3,3,6.6441,0.9485,False,0,NONE
U01429,13,13,6.1041,0.5482,False,0,NONE
U01430,8,8,6.147,0.58,False,0,NONE
U01431,10,10,5.7239,0.2663,False,0,NONE
U01432,9,9,6.5627,0.8881,False,0,NONE
U01433,14,14,6.0438,0.5035,False,0,NONE
U01434,22,22,5.6843,0.237,False,0,NONE
U01435,9,9,5.8244,0.3408,False,0,NONE
U01436,5,5,6.3047,0.6969,False,0,NONE
U01437,14,14,6.0933,0.5402,False,0,NONE
U01438,4,4,5.9099,0.4042,False,0,NONE
U01439,8,8,5.8578,0.3656,False,0,NONE
U01440,11,11,5.9158,0.4086,False,0,NONE
U01441,11,11,5.8298,0.3449,False,0,NONE
U01442,16,16,6.1642,0.5927,False,0,NONE
U01443,7,7,6.1427,0.5768,False,0,NONE
U01444,10,10,6.243,0.6512,False,0,NONE
U01445,8,8,6.1818,0.6058,False,0,NONE
U01446,18,18,5.8441,0.3555,False,0,NONE
U01447,4,4,5.5128,0.1099,False,0,NONE
U01448,11,11,6.3546,0.7339,False,0,NONE
U01449,10,10,5.9328,0.4212,False,0,NONE
U01450,11,11,6.1681,0.5956,False,0,NONE
U01451,9,9,5.7874,0.3134,False,0,NONE
U01452,13,13,5.9143,0.4075,False,0,NONE
U01453,6,6,5.8784,0.3809,False,0,NONE
U01454,10,10,5.8322,0.3466,False,0,NONE
U01455,8,8,5.7822,0.3096,False,0,NONE
U01456,17,17,5.8768,0.3797,False,0,NONE
U01457,10,10,6.2799,0.6785,False,0,NONE
U01458,1,1,3.0,0.5,True,1,RING_002
U01459,8,8,6.1409,0.5755,False,0,NONE
U01460,17,17,6.1801,0.6045,False,0,NONE
U01461,3,3,5.4954,0.097,False,0,NONE
U01462,13,13,6.2242,0.6372,False,0,NONE
U01463,13,13,6.1694,0.5966,False,0,NONE
U01464,18,18,6.0538,0.5109,False,0,NONE
U01465,13,13,6.0244,0.4891,False,0,NONE
U01466,13,13,5.9546,0.4374,False,0,NONE
U01467,13,13,6.0059,0.4754,False,0,NONE
U01468,11,11,6.2411,0.6497,False,0,NONE
U01469,10,10,6.1207,0.5605,False,0,NONE
U01470,9,9,6.1417,0.5761,False,0,NONE
U01471,17,17,5.9311,0.4199,False,0,NONE
U01472,7,7,5.8063,0.3274,False,0,NONE
U01473,7,7,6.112,0.554,False,0,NONE
U01474,15,15,5.7084,0.2549,False,0,NONE
U01475,12,12,6.0031,0.4733,False,0,NONE
U01476,4,4,5.5379,0.1285,False,0,NONE
U01477,11,11,6.1307,0.5679,False,0,NONE
U01478,18,18,5.783,0.3102,False,0,NONE
U01479,3,3,6.193,0.6141,False,0,NONE
U01480,9,9,5.7772,0.3059,False,0,NONE
U01481,12,12,5.8935,0.3921,False,0,NONE
U01482,8,8,6.0156,0.4826,False,0,NONE
U01483,6,6,5.9178,0.4101,False,0,NONE
U01484,14,14,5.9152,0.4082,False,0,NONE
U01485,11,11,6.0503,0.5083,False,0,NONE
U01486,6,6,5.9846,0.4596,False,0,NONE
U01487,10,10,5.8664,0.372,False,0,NONE
U01488,7,7,6.2428,0.651,False,0,NONE
U01489,12,12,5.8682,0.3733,False,0,NONE
U01490,9,9,5.734,0.2738,False,0,NONE
U01491,10,10,5.9379,0.425,False,0,NONE
U01492,15,15,5.8806,0.3825,False,0,NONE
U01493,8,8,5.8267,0.3426,False,0,NONE
U01494,5,5,6.0097,0.4782,False,0,NONE
U01495,10,10,6.2866,0.6835,False,0,NONE
U01496,16,16,6.0582,0.5142,False,0,NONE
U01497,10,10,5.7611,0.2939,False,0,NONE
U01498,10,10,5.9663,0.446,False,0,NONE
U01499,4,4,6.4765,0.8242,False,0,NONE
U01500,11,11,6.0965,0.5426,False,0,NONE
U01501,13,13,6.1974,0.6174,False,0,NONE
U01502,11,11,5.9045,0.4002,False,0,NONE
U01503,7,7,5.9856,0.4603,False,0,NONE
U01504,10,10,6.1039,0.548,False,0,NONE
U01505,8,8,5.882,0.3835,False,0,NONE
U01506,16,16,6.031,0.494,False,0,NONE
U01507,8,8,6.0574,0.5136,False,0,NONE
U01508,13,13,5.8239,0.3405,False,0,NONE
U01509,11,11,6.2303,0.6417,False,0,NONE
U01510,8,8,5.8794,0.3816,False,0,NONE
U01511,4,4,5.6264,0.1941,False,0,NONE
U01512,12,12,6.0092,0.4778,False,0,NONE
U01513,2,2,6.4082,0.7736,False,1,RING_001
U01514,9,9,6.0327,0.4953,False,0,NONE
U01515,4,4,6.0384,0.4995,False,0,NONE
U01516,10,10,5.9144,0.4076,False,0,NONE
U01517,11,11,5.8216,0.3388,False,0,NONE
U01518,5,5,5.9791,0.4555,False,0,NONE
U01519,16,16,5.886,0.3865,False,0,NONE
U01520,15,15,6.0114,0.4795,False,0,NONE
U01521,11,11,5.8786,0.381,False,0,NONE
U01522,9,9,5.8219,0.339,False,0,NONE
U01523,11,11,6.2784,0.6774,False,0,NONE
U01524,9,9,5.687,0.239,False,0,NONE
U01525,21,21,6.0966,0.5426,False,0,NONE
U01526,10,10,6.2204,0.6344,False,0,NONE
U01527,10,10,5.8325,0.3469,False,0,NONE
U01528,3,3,5.4238,0.0439,False,0,NONE
U01529,14,14,6.1012,0.546,False,0,NONE
U01530,13,13,6.0506,0.5085,False,0,NONE
U01531,13,13,6.1273,0.5654,False,0,NONE
U01532,17,17,5.8161,0.3347,False,0,NONE
U01533,7,7,5.9201,0.4118,False,0,NONE
U01534,16,16,6.0062,0.4756,False,0,NONE
U01535,17,17,6.0333,0.4957,False,0,NONE
U01536,13,13,6.0981,0.5437,False,0,NONE
U01537,15,15,5.9932,0.466,False,0,NONE
U01538,9,9,5.9818,0.4575,False,0,NONE
U01539,9,9,6.2186,0.6331,False,0,NONE
U01540,11,11,5.9303,0.4194,False,0,NONE
U01541,6,6,5.7397,0.2781,False,0,NONE
U01542,7,7,5.5693,0.1517,False,0,NONE
U01543,13,13,6.107,0.5503,False,0,NONE
U01544,7,7,6.0103,0.4787,False,0,NONE
U01545,8,8,5.9004,0.3972,False,0,NONE
U01546,10,10,5.91,0.4043,False,0,NONE
U01547,10,10,5.7689,0.2997,False,0,NONE
U01548,11,11,5.8747,0.3781,False,0,NONE
U01549,11,11,5.8234,0.3401,False,0,NONE
U01550,16,16,5.9101,0.4044,False,0,NONE
U01551,24,24,5.8333,0.3474,False,0,NONE
U01552,14,14,5.7042,0.2517,False,0,NONE
U01553,10,10,6.002,0.4725,False,0,NONE
U01554,12,12,6.0571,0.5133,False,0,NONE
U01555,10,10,5.9363,0.4238,False,0,NONE
U01556,9,9,5.9896,0.4633,False,0,NONE
U01557,6,6,6.0453,0.5046,False,0,NONE
U01558,8,8,5.9675,0.4469,False,0,NONE
U01559,19,19,6.1289,0.5666,False,0,NONE
U01560,15,15,6.1505,0.5826,False,0,NONE
U01561,12,12,6.2045,0.6226,False,0,NONE
U01562,15,15,6.0917,0.539,False,0,NONE
U01563,4,4,5.3409,0.0,False,0,NONE
U01564,7,7,5.7015,0.2497,False,0,NONE
U01565,15,15,5.6816,0.235,False,0,NONE
U01566,5,5,5.9234,0.4142,False,0,NONE
U01567,7,7,5.7449,0.2819,False,0,NONE
U01568,16,16,6.1428,0.5769,False,0,NONE
U01569,10,10,5.8377,0.3507,False,0,NONE
U01570,6,6,5.7618,0.2944,False,0,NONE
U01571,8,8,5.843,0.3546,False,0,NONE
U01572,20,20,5.735,0.2746,False,0,NONE
U01573,2,2,6.4082,0.7736,False,1,RING_HELDOUT
U01574,9,9,5.9283,0.4179,False,0,NONE
U01575,7,7,5.8755,0.3787,False,0,NONE
U01576,10,10,6.0392,0.5001,False,0,NONE
U01577,5,5,5.6061,0.179,False,0,NONE
U01578,5,5,5.7564,0.2904,False,0,NONE
U01579,15,15,6.1605,0.59,False,0,NONE
U01580,18,18,5.8052,0.3266,False,0,NONE
U01581,6,6,6.1142,0.5557,False,0,NONE
U01582,6,6,5.6132,0.1843,False,0,NONE
U01583,5,5,5.8509,0.3605,False,0,NONE
U01584,9,9,5.815,0.3339,False,0,NONE
U01585,14,14,5.7824,0.3097,False,0,NONE
U01586,13,13,6.059,0.5148,False,0,NONE
U01587,6,6,6.1863,0.6091,False,0,NONE
U01588,8,8,6.0487,0.5071,False,0,NONE
U01589,5,5,5.897,0.3947,False,0,NONE
U01590,9,9,6.0309,0.4939,False,0,NONE
U01591,8,8,6.1961,0.6164,False,0,NONE
U01592,9,9,5.9833,0.4586,False,0,NONE
U01593,9,9,6.0666,0.5204,False,0,NONE
U01594,8,8,6.1847,0.6079,False,0,NONE
U01595,8,8,5.5825,0.1615,False,0,NONE
U01596,7,7,5.8465,0.3572,False,0,NONE
U01597,8,8,6.2242,0.6372,False,0,NONE
U01598,8,8,5.7383,0.277,False,0,NONE
U01599,6,6,5.9293,0.4186,False,0,NONE
U01600,13,13,6.0854,0.5343,False,0,NONE
U01601,9,9,5.9695,0.4484,False,0,NONE
U01602,14,14,5.8895,0.3891,False,0,NONE
U01603,8,8,5.8605,0.3676,False,0,NONE
U01604,8,8,6.0676,0.5211,False,0,NONE
U01605,18,18,5.9938,0.4664,False,0,NONE
U01606,9,9,5.9298,0.419,False,0,NONE
U01607,5,5,6.1059,0.5495,False,0,NONE
U01608,5,5,6.142,0.5763,False,0,NONE
U01609,12,12,6.0634,0.518,False,0,NONE
U01610,14,14,6.2828,0.6807,False,0,NONE
U01611,16,16,5.9788,0.4553,False,0,NONE
U01612,8,8,5.989,0.4629,False,0,NONE
U01613,23,23,6.1074,0.5506,False,0,NONE
U01614,8,8,6.0317,0.4945,False,0,NONE
U01615,11,11,5.9908,0.4642,False,0,NONE
U01616,8,8,5.6183,0.1881,False,0,NONE
U01617,11,11,5.7706,0.301,False,0,NONE
U01618,6,6,5.999,0.4703,False,0,NONE
U01619,13,13,6.1032,0.5475,False,0,NONE
U01620,7,7,5.8764,0.3794,False,0,NONE
U01621,15,15,6.0257,0.4901,False,0,NONE
U01622,10,10,6.3493,0.73,False,0,NONE
U01623,9,9,5.9602,0.4415,False,0,NONE
U01624,14,14,6.0631,0.5178,False,0,NONE
U01625,16,16,6.0133,0.4809,False,0,NONE
U01626,11,11,6.0076,0.4767,False,0,NONE
U01627,3,3,5.9149,0.4079,False,0,NONE
U01628,6,6,6.0712,0.5238,False,0,NONE
U01629,5,5,6.492,0.8357,False,0,NONE
U01630,12,12,5.875,0.3784,False,0,NONE
U01631,12,12,6.0689,0.5221,False,0,NONE
U01632,10,10,5.82,0.3376,False,0,NONE
U01633,4,4,5.8881,0.3881,False,0,NONE
U01634,8,8,5.8662,0.3718,False,0,NONE
U01635,7,7,6.0999,0.5451,False,0,NONE
U01636,11,11,5.805,0.3265,False,0,NONE
U01637,7,7,6.0081,0.477,False,0,NONE
U01638,11,11,5.9973,0.469,False,0,NONE
U01639,13,13,5.806,0.3272,False,0,NONE
U01640,13,13,5.9287,0.4182,False,0,NONE
U01641,17,17,6.0096,0.4781,False,0,NONE
U01642,8,8,6.4839,0.8297,False,0,NONE
U01643,22,22,5.8162,0.3348,False,0,NONE
U01644,9,9,5.9615,0.4425,False,0,NONE
U01645,10,10,5.8198,0.3374,False,0,NONE
U01646,8,8,6.3183,0.707,False,0,NONE
U01647,7,7,5.6058,0.1788,False,0,NONE
U01648,15,15,6.0807,0.5308,False,0,NONE
U01649,9,9,5.8432,0.3548,False,0,NONE
U01650,4,4,5.7596,0.2928,False,0,NONE
U01651,22,22,5.9428,0.4286,False,0,NONE
U01652,11,11,6.0238,0.4887,False,0,NONE
U01653,10,10,5.9544,0.4372,False,0,NONE
U01654,8,8,6.0146,0.4818,False,0,NONE
U01655,12,12,6.0655,0.5196,False,0,NONE
U01656,13,13,5.8194,0.3371,False,0,NONE
U01657,10,10,5.782,0.3094,False,0,NONE
U01658,12,12,5.7274,0.2689,False,0,NONE
U01659,5,5,5.8416,0.3536,False,0,NONE
U01660,9,9,6.1588,0.5887,False,0,NONE
U01661,12,12,5.8194,0.3371,False,0,NONE
U01662,9,9,5.9816,0.4574,False,0,NONE
U01663,8,8,6.0736,0.5256,False,0,NONE
U01664,12,12,6.0029,0.4732,False,0,NONE
U01665,8,8,5.8748,0.3782,False,0,NONE
U01666,9,9,6.1072,0.5505,False,0,NONE
U01667,13,13,5.9448,0.4301,False,0,NONE
U01668,7,7,5.8513,0.3608,False,0,NONE
U01669,5,5,6.3151,0.7046,False,0,NONE
U01670,9,9,5.6003,0.1747,False,0,NONE
U01671,14,14,6.1279,0.5658,False,0,NONE
U01672,19,19,5.9657,0.4456,False,0,NONE
U01673,7,7,6.3477,0.7288,False,0,NONE
U01674,16,16,5.868,0.3732,False,0,NONE
U01675,9,9,6.0233,0.4883,False,0,NONE
U01676,11,11,5.9457,0.4308,False,0,NONE
U01677,13,13,6.1075,0.5507,False,0,NONE
U01678,9,9,6.2484,0.6552,False,0,NONE
U01679,11,11,5.9956,0.4678,False,0,NONE
U01680,7,7,5.847,0.3576,False,0,NONE
U01681,13,13,5.8333,0.3474,False,0,NONE
U01682,8,8,5.9404,0.4268,False,0,NONE
U01683,5,5,5.7349,0.2745,False,0,NONE
U01684,5,5,6.2603,0.664,False,0,NONE
U01685,8,8,6.2086,0.6257,False,0,NONE
U01686,9,9,5.7826,0.3099,False,0,NONE
U01687,8,8,6.2175,0.6323,False,0,NONE
U01688,12,12,6.2259,0.6385,False,0,NONE
U01689,8,8,5.9444,0.4298,False,0,NONE
U01690,4,4,5.9153,0.4082,False,0,NONE
U01691,16,16,5.9795,0.4558,False,0,NONE
U01692,9,9,6.3615,0.739,False,0,NONE
U01693,8,8,6.058,0.514,False,0,NONE
U01694,5,5,5.6198,0.1892,False,0,NONE
U01695,6,6,6.3661,0.7424,False,0,NONE
U01696,11,11,6.2137,0.6294,False,0,NONE
U01697,7,7,6.1257,0.5642,False,0,NONE
U01698,10,10,6.0488,0.5072,False,0,NONE
U01699,9,9,6.2778,0.677,False,0,NONE
U01700,7,7,5.6486,0.2105,False,0,NONE
U01701,10,10,5.9529,0.4361,False,0,NONE
U01702,12,12,5.8167,0.3351,False,0,NONE
U01703,7,7,5.8828,0.3841,False,0,NONE
U01704,16,16,6.0995,0.5448,False,0,NONE
U01705,4,4,6.7251,1.0,False,0,NONE
U01706,11,11,5.5516,0.1386,False,0,NONE
U01707,12,12,6.2258,0.6384,False,0,NONE
U01708,11,11,6.0273,0.4913,False,0,NONE
U01709,8,8,6.0659,0.5199,False,0,NONE
U01710,9,9,5.9067,0.4019,False,0,NONE
U01711,5,5,5.9651,0.4451,False,0,NONE
U01712,9,9,5.997,0.4688,False,0,NONE
U01713,14,14,5.7593,0.2926,False,0,NONE
U01714,8,8,5.8068,0.3278,False,0,NONE
U01715,6,6,5.7607,0.2936,False,0,NONE
U01716,4,4,6.1838,0.6073,False,0,NONE
U01717,15,15,5.7975,0.3209,False,0,NONE
U01718,11,11,6.0138,0.4813,False,0,NONE
U01719,6,6,5.9643,0.4446,False,0,NONE
U01720,5,5,6.1111,0.5534,False,0,NONE
U01721,23,23,5.9527,0.436,False,0,NONE
U01722,12,12,5.5869,0.1648,False,0,NONE
U01723,8,8,5.9133,0.4067,False,0,NONE
U01724,13,13,5.985,0.4599,False,0,NONE
U01725,7,7,6.2375,0.6471,False,0,NONE
U01726,8,8,5.4662,0.0753,False,0,NONE
U01727,12,12,5.9685,0.4477,False,0,NONE
U01728,10,10,6.0476,0.5063,False,0,NONE
U01729,14,14,5.8011,0.3236,False,0,NONE
U01730,10,10,6.178,0.603,False,0,NONE
U01731,8,8,5.9433,0.429,False,0,NONE
U01732,15,15,5.7735,0.3031,False,0,NONE
U01733,12,12,5.7778,0.3063,False,0,NONE
U01734,4,4,5.3444,0.0,False,0,NONE
U01735,6,6,5.7489,0.2849,False,0,NONE
U01736,3,3,6.8742,1.0,False,0,NONE
U01737,21,21,6.0386,0.4996,False,0,NONE
U01738,7,7,5.7114,0.2571,False,0,NONE
U01739,7,7,5.755,0.2894,False,0,NONE
U01740,18,18,5.8657,0.3715,False,0,NONE
U01741,18,18,5.8358,0.3493,False,0,NONE
U01742,12,12,6.1138,0.5554,False,0,NONE
U01743,14,14,5.9772,0.4541,False,0,NONE
U01744,8,8,5.6645,0.2223,False,0,NONE
U01745,1,1,3.0,0.5,True,1,RING_004
U01746,9,9,5.851,0.3606,False,0,NONE
U01747,9,9,5.9047,0.4004,False,0,NONE
U01748,7,7,6.0188,0.485,False,0,NONE
U01749,7,7,6.0276,0.4915,False,0,NONE
U01750,4,4,5.7526,0.2876,False,0,NONE
U01751,12,12,6.1444,0.5781,False,0,NONE
U01752,10,10,6.259,0.663,False,0,NONE
U01753,13,13,5.8112,0.3311,False,0,NONE
U01754,8,8,6.1288,0.5665,False,0,NONE
U01755,5,5,6.0593,0.515,False,0,NONE
U01756,16,16,5.637,0.2019,False,0,NONE
U01757,11,11,5.9263,0.4164,False,0,NONE
U01758,12,12,5.8501,0.3599,False,0,NONE
U01759,6,6,5.5392,0.1294,False,0,NONE
U01760,7,7,6.1864,0.6092,False,0,NONE
U01761,12,12,5.9002,0.397,False,0,NONE
U01762,10,10,6.0223,0.4876,False,0,NONE
U01763,10,10,5.9362,0.4237,False,0,NONE
U01764,7,7,5.9674,0.4469,False,0,NONE
U01765,18,18,5.9367,0.4241,False,0,NONE
U01766,9,9,5.9777,0.4545,False,0,NONE
U01767,6,6,5.6028,0.1766,False,0,NONE
U01768,17,17,5.7635,0.2957,False,0,NONE
U01769,7,7,6.2189,0.6333,False,0,NONE
U01770,10,10,5.8479,0.3583,False,0,NONE
U01771,14,14,6.0889,0.5369,False,0,NONE
U01772,6,6,5.955,0.4377,False,0,NONE
U01773,8,8,5.9417,0.4278,False,0,NONE
U01774,15,15,5.8357,0.3492,False,0,NONE
U01775,15,15,6.0552,0.5119,False,0,NONE
U01776,9,9,5.8766,0.3795,False,0,NONE
U01777,7,7,6.0381,0.4993,False,0,NONE
U01778,9,9,5.9591,0.4407,False,0,NONE
U01779,8,8,5.8414,0.3535,False,0,NONE
U01780,11,11,5.9781,0.4548,False,0,NONE
U01781,2,2,6.4082,0.7736,False,1,RING_003
U01782,13,13,6.0989,0.5443,False,0,NONE
U01783,6,6,6.1516,0.5834,False,0,NONE
U01784,13,13,5.9021,0.3984,False,0,NONE
U01785,9,9,5.8156,0.3343,False,0,NONE
U01786,8,8,5.7298,0.2707,False,0,NONE
U01787,5,5,5.4873,0.091,False,0,NONE
U01788,7,7,5.6778,0.2322,False,0,NONE
U01789,9,9,5.6505,0.2119,False,0,NONE
U01790,5,5,5.889,0.3887,False,0,NONE
U01791,5,5,6.2484,0.6552,False,0,NONE
U01792,5,5,6.1415,0.5759,False,0,NONE
U01793,8,8,5.9168,0.4093,False,0,NONE
U01794,22,22,6.0656,0.5196,False,0,NONE
U01795,6,6,6.1722,0.5987,False,0,NONE
U01796,6,6,6.143,0.577,False,0,NONE
U01797,6,6,5.6804,0.2341,False,0,NONE
U01798,22,22,6.0471,0.5059,False,0,NONE
U01799,7,7,6.5935,0.911,False,0,NONE
U01800,6,6,5.9429,0.4287,False,0,NONE
U01801,20,20,6.1404,0.5751,False,0,NONE
U01802,11,11,6.1776,0.6027,False,0,NONE
U01803,8,8,6.2089,0.6259,False,0,NONE
U01804,14,14,6.0525,0.5099,False,0,NONE
U01805,14,14,6.0821,0.5319,False,0,NONE
U01806,8,8,6.2894,0.6856,False,0,NONE
U01807,12,12,6.1018,0.5465,False,0,NONE
U01808,9,9,6.1283,0.5661,False,0,NONE
U01809,8,8,5.9924,0.4654,False,0,NONE
U01810,7,7,6.2396,0.6486,False,0,NONE
U01811,8,8,6.0296,0.493,False,0,NONE
U01812,7,7,5.753,0.2879,False,0,NONE
U01813,12,12,6.0137,0.4812,False,0,NONE
U01814,11,11,5.9631,0.4437,False,0,NONE
U01815,19,19,6.0361,0.4978,False,0,NONE
U01816,10,10,5.8159,0.3345,False,0,NONE
U01817,10,10,5.7815,0.309,False,0,NONE
U01818,14,14,6.125,0.5637,False,0,NONE
U01819,6,6,6.0914,0.5388,False,0,NONE
U01820,2,2,6.4082,0.7736,False,1,RING_HELDOUT
U01821,19,19,5.857,0.365,False,0,NONE
U01822,7,7,6.0238,0.4887,False,0,NONE
U01823,3,3,6.0536,0.5108,False,0,NONE
U01824,13,13,5.8894,0.389,False,0,NONE
U01825,8,8,6.1059,0.5495,False,0,NONE
U01826,12,12,6.0816,0.5315,False,0,NONE
U01827,7,7,6.1353,0.5713,False,0,NONE
U01828,15,15,6.1379,0.5732,False,0,NONE
U01829,11,11,5.8587,0.3663,False,0,NONE
U01830,7,7,6.2311,0.6423,False,0,NONE
U01831,16,16,5.8783,0.3808,False,0,NONE
U01832,8,8,6.3297,0.7154,False,0,NONE
U01833,9,9,6.2008,0.6199,False,0,NONE
U01834,12,12,5.9403,0.4268,False,0,NONE
U01835,10,10,6.4264,0.7871,False,0,NONE
U01836,18,18,6.1877,0.6102,False,0,NONE
U01837,10,10,5.8441,0.3555,False,0,NONE
U01838,16,16,5.9775,0.4543,False,0,NONE
U01839,17,17,5.9814,0.4572,False,0,NONE
U01840,16,16,5.9479,0.4324,False,0,NONE
U01841,8,8,6.0926,0.5397,False,0,NONE
U01842,9,9,5.859,0.3665,False,0,NONE
U01843,7,7,5.5924,0.1689,False,0,NONE
U01844,3,3,6.1473,0.5802,False,0,NONE
U01845,8,8,5.6754,0.2304,False,0,NONE
U01846,13,13,6.2066,0.6242,False,0,NONE
U01847,12,12,5.9829,0.4583,False,0,NONE
U01848,7,7,5.7244,0.2667,False,0,NONE
U01849,11,11,5.9643,0.4446,False,0,NONE
U01850,11,11,5.9516,0.4351,False,0,NONE
U01851,14,14,5.8553,0.3638,False,0,NONE
U01852,3,3,5.9062,0.4015,False,0,NONE
U01853,7,7,5.7542,0.2888,False,0,NONE
U01854,13,13,5.8048,0.3263,False,0,NONE
U01855,6,6,5.639,0.2034,False,0,NONE
U01856,10,10,6.1499,0.5821,False,0,NONE
U01857,15,15,5.8797,0.3818,False,0,NONE
U01858,7,7,5.3837,0.0142,False,0,NONE
U01859,5,5,6.1686,0.596,False,0,NONE
U01860,19,19,6.0761,0.5274,False,0,NONE
U01861,10,10,5.8112,0.3311,False,0,NONE
U01862,12,12,6.0998,0.545,False,0,NONE
U01863,18,18,6.2373,0.6469,False,0,NONE
U01864,16,16,6.1251,0.5638,False,0,NONE
U01865,14,14,5.8391,0.3517,False,0,NONE
U01866,3,3,6.6875,0.9807,False,0,NONE
U01867,5,5,6.1176,0.5582,False,0,NONE
U01868,22,22,6.1482,0.5809,False,0,NONE
U01869,11,11,6.1287,0.5664,False,0,NONE
U01870,7,7,6.3295,0.7153,False,0,NONE
U01871,5,5,5.5101,0.1079,False,0,NONE
U01872,8,8,5.826,0.342,False,0,NONE
U01873,16,16,6.1077,0.5509,False,0,NONE
U01874,14,14,5.9629,0.4435,False,0,NONE
U01875,7,7,6.0197,0.4856,False,0,NONE
U01876,12,12,6.0732,0.5253,False,0,NONE
U01877,18,18,5.9467,0.4315,False,0,NONE
U01878,11,11,6.2276,0.6397,False,0,NONE
U01879,13,13,6.0909,0.5384,False,0,NONE
U01880,12,12,6.0196,0.4855,False,0,NONE
U01881,6,6,6.2135,0.6293,False,0,NONE
U01882,8,8,6.1643,0.5928,False,0,NONE
U01883,11,11,5.7778,0.3063,False,0,NONE
U01884,9,9,5.9309,0.4198,False,0,NONE
U01885,12,12,6.004,0.474,False,0,NONE
U01886,10,10,5.7775,0.3061,False,0,NONE
U01887,14,14,5.8322,0.3466,False,0,NONE
U01888,12,12,6.2227,0.6361,False,0,NONE
U01889,18,18,5.9393,0.426,False,0,NONE
U01890,8,8,6.0616,0.5167,False,0,NONE
U01891,11,11,6.01,0.4784,False,0,NONE
U01892,8,8,5.6523,0.2133,False,0,NONE
U01893,5,5,6.1433,0.5772,False,0,NONE
U01894,8,8,5.8434,0.3549,False,0,NONE
U01895,22,22,5.8201,0.3377,False,0,NONE
U01896,15,15,5.8602,0.3674,False,0,NONE
U01897,12,12,5.7007,0.2492,False,0,NONE
U01898,8,8,6.5292,0.8633,False,0,NONE
U01899,10,10,5.9757,0.453,False,0,NONE
U01900,7,7,6.3049,0.697,False,0,NONE
U01901,9,9,6.3855,0.7568,False,0,NONE
U01902,7,7,5.6955,0.2453,False,0,NONE
U01903,14,14,6.0694,0.5225,False,0,NONE
U01904,11,11,6.2542,0.6595,False,0,NONE
U01905,11,11,6.1549,0.5858,False,0,NONE
U01906,8,8,5.9261,0.4162,False,0,NONE
U01907,8,8,6.0023,0.4727,False,0,NONE
U01908,2,2,6.4082,0.7736,False,1,RING_003
U01909,9,9,6.0043,0.4742,False,0,NONE
U01910,9,9,5.7933,0.3178,False,0,NONE
U01911,6,6,5.8801,0.3821,False,0,NONE
U01912,5,5,5.9527,0.436,False,0,NONE
U01913,12,12,5.9756,0.4529,False,0,NONE
U01914,5,5,5.8946,0.3929,False,0,NONE
U01915,20,20,5.8866,0.387,False,0,NONE
U01916,14,14,5.959,0.4406,False,0,NONE
U01917,16,16,5.7029,0.2508,False,0,NONE
U01918,10,10,6.0902,0.5379,False,0,NONE
U01919,18,18,6.0222,0.4875,False,0,NONE
U01920,3,3,6.0341,0.4963,False,0,NONE
U01921,15,15,6.2364,0.6463,False,0,NONE
U01922,1,1,3.0,0.5,True,0,NONE
U01923,15,15,6.0388,0.4998,False,0,NONE
U01924,9,9,5.7958,0.3196,False,0,NONE
U01925,7,7,6.099,0.5444,False,0,NONE
U01926,6,6,5.8891,0.3888,False,0,NONE
U01927,12,12,6.2535,0.6589,False,0,NONE
U01928,10,10,5.8643,0.3704,False,0,NONE
U01929,8,8,6.0498,0.5079,False,0,NONE
U01930,7,7,5.9789,0.4554,False,0,NONE
U01931,8,8,6.0276,0.4915,False,0,NONE
U01932,17,17,6.0477,0.5064,False,0,NONE
U01933,6,6,5.8937,0.3922,False,0,NONE
U01934,15,15,5.9877,0.4619,False,0,NONE
U01935,11,11,5.8458,0.3567,False,0,NONE
U01936,14,14,6.1655,0.5937,False,0,NONE
U01937,9,9,6.1107,0.5531,False,0,NONE
U01938,9,9,6.2047,0.6228,False,0,NONE
U01939,15,15,5.9254,0.4157,False,0,NONE
U01940,13,13,6.166,0.5941,False,0,NONE
U01941,17,17,6.1431,0.5771,False,0,NONE
U01942,13,13,5.8766,0.3795,False,0,NONE
U01943,19,19,6.0443,0.5039,False,0,NONE
U01944,8,8,6.1083,0.5513,False,0,NONE
U01945,13,13,5.9441,0.4296,False,0,NONE
U01946,7,7,6.0961,0.5423,False,0,NONE
U01947,13,13,6.2107,0.6272,False,0,NONE
U01948,6,6,6.0705,0.5233,False,0,NONE
U01949,13,13,6.2017,0.6205,False,0,NONE
U01950,15,15,5.7909,0.316,False,0,NONE
U01951,8,8,6.1904,0.6122,False,0,NONE
U01952,8,8,5.7996,0.3225,False,0,NONE
U01953,14,14,6.0003,0.4712,False,0,NONE
U01954,5,5,5.4956,0.0971,False,0,NONE
U01955,9,9,5.978,0.4547,False,0,NONE
U01956,13,13,6.1557,0.5864,False,0,NONE
U01957,8,8,5.8649,0.3709,False,0,NONE
U01958,9,9,6.2886,0.685,False,0,NONE
U01959,9,9,5.7271,0.2687,False,0,NONE
U01960,9,9,6.0025,0.4729,False,0,NONE
U01961,15,15,6.1616,0.5908,False,0,NONE
U01962,9,9,6.0434,0.5032,False,0,NONE
U01963,8,8,5.7475,0.2838,False,0,NONE
U01964,3,3,5.3646,0.0,False,0,NONE
U01965,13,13,5.9055,0.401,False,0,NONE
U01966,7,7,5.4442,0.059,False,0,NONE
U01967,6,6,5.9952,0.4675,False,0,NONE
U01968,10,10,5.9478,0.4323,False,0,NONE
U01969,10,10,5.7284,0.2697,False,0,NONE
U01970,7,7,5.9967,0.4686,False,0,NONE
U01971,12,12,5.9944,0.4669,False,0,NONE
U01972,12,12,6.0236,0.4885,False,0,NONE
U01973,7,7,6.1559,0.5866,False,0,NONE
U01974,14,14,5.785,0.3116,False,0,NONE
U01975,8,8,6.0074,0.4765,False,0,NONE
U01976,11,11,5.7249,0.2671,False,0,NONE
U01977,14,14,5.9648,0.4449,False,0,NONE
U01978,8,8,6.1939,0.6148,False,0,NONE
U01979,9,9,6.4746,0.8228,False,0,NONE
U01980,6,6,6.0842,0.5334,False,0,NONE
U01981,10,10,6.4376,0.7954,False,0,NONE
U01982,7,7,6.1392,0.5742,False,0,NONE
U01983,7,7,6.4821,0.8284,False,0,NONE
U01984,12,12,5.8863,0.3867,False,0,NONE
U01985,12,12,5.7892,0.3148,False,0,NONE
U01986,9,9,6.1622,0.5913,False,0,NONE
U01987,12,12,6.2022,0.6209,False,0,NONE
U01988,10,10,5.6694,0.2259,False,0,NONE
U01989,13,13,6.0272,0.4912,False,0,NONE
U01990,16,16,5.8871,0.3873,False,0,NONE
U01991,4,4,6.1322,0.569,False,0,NONE
U01992,7,7,5.5785,0.1586,False,0,NONE
U01993,8,8,6.2738,0.674,False,0,NONE
U01994,8,8,5.7809,0.3086,False,0,NONE
U01995,8,8,6.095,0.5414,False,0,NONE
U01996,11,11,6.4282,0.7884,False,0,NONE
U01997,16,16,5.9291,0.4185,False,0,NONE
U01998,9,9,5.928,0.4176,False,0,NONE
U01999,8,8,5.8844,0.3853,False,0,NONE
U02000,7,7,5.9944,0.4669,False,0,NONE
